{
	"predictions": [
		{
			"0": {
				"score": 0.925475001335144,
				"x": 0.45625,
				"y": 0.37777777777777777
			},
			"1": {
				"score": 0.8303210139274597,
				"x": 0.45625,
				"y": 0.4444444444444444
			},
			"2": {
				"score": 0.8378620147705078,
				"x": 0.43125,
				"y": 0.45
			},
			"3": {
				"score": 0.7807809710502625,
				"x": 0.415625,
				"y": 0.5222222222222223
			},
			"4": {
				"score": 0.8861780166625977,
				"x": 0.41875,
				"y": 0.49444444444444446
			},
			"5": {
				"score": 0.7729480266571045,
				"x": 0.48125,
				"y": 0.4444444444444444
			},
			"6": {
				"score": 0.9128530025482178,
				"x": 0.50625,
				"y": 0.5166666666666667
			},
			"7": {
				"score": 0.6261100172996521,
				"x": 0.4875,
				"y": 0.46111111111111114
			},
			"8": {
				"score": 0.8012869954109192,
				"x": 0.440625,
				"y": 0.5888888888888889
			},
			"9": {
				"score": 0.9001740217208862,
				"x": 0.44375,
				"y": 0.6944444444444444
			},
			"10": {
				"score": 0.6621559858322144,
				"x": 0.45,
				"y": 0.8333333333333334
			},
			"11": {
				"score": 0.7307170033454895,
				"x": 0.475,
				"y": 0.5888888888888889
			},
			"12": {
				"score": 0.7627919912338257,
				"x": 0.471875,
				"y": 0.7388888888888889
			},
			"13": {
				"score": 0.524541974067688,
				"x": 0.45,
				"y": 0.8166666666666667
			},
			"14": {
				"score": 0.8103979825973511,
				"x": 0.45,
				"y": 0.37222222222222223
			},
			"16": {
				"score": 0.7377570271492004,
				"x": 0.44375,
				"y": 0.38333333333333336
			},
			"17": {
				"score": 0.7724289894104004,
				"x": 0.471875,
				"y": 0.38333333333333336
			}
		}
	]
}