{
	"predictions": [
		{
			"0": {
				"score": 0.8590710163116455,
				"x": 0.5,
				"y": 0.32222222222222224
			},
			"1": {
				"score": 0.9093390107154846,
				"x": 0.49375,
				"y": 0.3888888888888889
			},
			"2": {
				"score": 0.765854001045227,
				"x": 0.471875,
				"y": 0.39444444444444443
			},
			"3": {
				"score": 0.897741973400116,
				"x": 0.440625,
				"y": 0.45
			},
			"4": {
				"score": 0.6676549911499023,
				"x": 0.4125,
				"y": 0.5111111111111111
			},
			"5": {
				"score": 0.8745329976081848,
				"x": 0.515625,
				"y": 0.38333333333333336
			},
			"6": {
				"score": 0.7841709852218628,
				"x": 0.54375,
				"y": 0.4444444444444444
			},
			"7": {
				"score": 0.7047020196914673,
				"x": 0.56875,
				"y": 0.49444444444444446
			},
			"8": {
				"score": 0.731872022151947,
				"x": 0.5,
				"y": 0.5611111111111111
			},
			"9": {
				"score": 0.7834219932556152,
				"x": 0.484375,
				"y": 0.7055555555555556
			},
			"10": {
				"score": 0.8212260007858276,
				"x": 0.465625,
				"y": 0.85
			},
			"11": {
				"score": 0.6707649827003479,
				"x": 0.5375,
				"y": 0.55
			},
			"12": {
				"score": 0.9057329893112183,
				"x": 0.55625,
				"y": 0.7
			},
			"13": {
				"score": 0.7755740284919739,
				"x": 0.5875,
				"y": 0.8333333333333334
			},
			"14": {
				"score": 0.8562660217285156,
				"x": 0.496875,
				"y": 0.3111111111111111
			},
			"15": {
				"score": 0.926925003528595,
				"x": 0.50625,
				"y": 0.31666666666666665
			},
			"16": {
				"score": 0.7795100212097168,
				"x": 0.484375,
				"y": 0.31666666666666665
			},
			"17": {
				"score": 0.6539180278778076,
				"x": 0.5125,
				"y": 0.3333333333333333
			}
		}
	]
}