{
	"predictions": [
		{
			"0": {
				"score": 0.2977850139141083,
				"x": 0.5,
				"y": 0.36666666666666664
			},
			"1": {
				"score": 0.7276650071144104,
				"x": 0.51875,
				"y": 0.40555555555555556
			},
			"2": {
				"score": 0.585614025592804,
				"x": 0.50625,
				"y": 0.40555555555555556
			},
			"3": {
				"score": 0.19074800610542297,
				"x": 0.49375,
				"y": 0.46111111111111114
			},
			"5": {
				"score": 0.7228630185127258,
				"x": 0.53125,
				"y": 0.40555555555555556
			},
			"6": {
				"score": 0.6738799810409546,
				"x": 0.525,
				"y": 0.48333333333333334
			},
			"7": {
				"score": 0.7250940203666687,
				"x": 0.496875,
				"y": 0.5
			},
			"8": {
				"score": 0.6791229844093323,
				"x": 0.50625,
				"y": 0.5555555555555556
			},
			"9": {
				"score": 0.8662170171737671,
				"x": 0.49375,
				"y": 0.6888888888888889
			},
			"10": {
				"score": 0.8310009837150574,
				"x": 0.48125,
				"y": 0.8111111111111111
			},
			"11": {
				"score": 0.6039530038833618,
				"x": 0.534375,
				"y": 0.5555555555555556
			},
			"12": {
				"score": 0.7843400239944458,
				"x": 0.559375,
				"y": 0.6944444444444444
			},
			"13": {
				"score": 0.7235350012779236,
				"x": 0.584375,
				"y": 0.8
			},
			"15": {
				"score": 0.28444400429725647,
				"x": 0.503125,
				"y": 0.35555555555555557
			},
			"17": {
				"score": 0.40661999583244324,
				"x": 0.515625,
				"y": 0.35555555555555557
			}
		}
	]
}