{
	"predictions": [
		{
			"0": {
				"score": 0.8175680041313171,
				"x": 0.6125,
				"y": 0.37222222222222223
			},
			"1": {
				"score": 0.8756939768791199,
				"x": 0.615625,
				"y": 0.43333333333333335
			},
			"2": {
				"score": 0.8669869899749756,
				"x": 0.590625,
				"y": 0.43333333333333335
			},
			"3": {
				"score": 0.7326300144195557,
				"x": 0.6125,
				"y": 0.46111111111111114
			},
			"4": {
				"score": 0.6001150012016296,
				"x": 0.6375,
				"y": 0.43333333333333335
			},
			"5": {
				"score": 0.7220990061759949,
				"x": 0.640625,
				"y": 0.4388888888888889
			},
			"6": {
				"score": 0.8600370287895203,
				"x": 0.675,
				"y": 0.49444444444444446
			},
			"7": {
				"score": 0.7294319868087769,
				"x": 0.665625,
				"y": 0.45555555555555555
			},
			"8": {
				"score": 0.6743130087852478,
				"x": 0.6,
				"y": 0.5944444444444444
			},
			"9": {
				"score": 0.8898910284042358,
				"x": 0.553125,
				"y": 0.7166666666666667
			},
			"10": {
				"score": 0.7911270260810852,
				"x": 0.503125,
				"y": 0.8277777777777777
			},
			"11": {
				"score": 0.7044749855995178,
				"x": 0.6375,
				"y": 0.6
			},
			"12": {
				"score": 0.8744930028915405,
				"x": 0.6375,
				"y": 0.7388888888888889
			},
			"13": {
				"score": 0.7726600170135498,
				"x": 0.625,
				"y": 0.8388888888888889
			},
			"14": {
				"score": 0.9404749870300293,
				"x": 0.60625,
				"y": 0.3611111111111111
			},
			"15": {
				"score": 0.8961480259895325,
				"x": 0.615625,
				"y": 0.3611111111111111
			},
			"16": {
				"score": 0.6462299823760986,
				"x": 0.596875,
				"y": 0.37777777777777777
			},
			"17": {
				"score": 0.4530479907989502,
				"x": 0.625,
				"y": 0.37222222222222223
			}
		}
	]
}