{
	"predictions": [
		{
			"0": {
				"score": 0.9146220088005066,
				"x": 0.56875,
				"y": 0.3333333333333333
			},
			"1": {
				"score": 0.6969410181045532,
				"x": 0.571875,
				"y": 0.39444444444444443
			},
			"2": {
				"score": 0.7627120018005371,
				"x": 0.55,
				"y": 0.40555555555555556
			},
			"3": {
				"score": 0.5871379971504211,
				"x": 0.53125,
				"y": 0.3333333333333333
			},
			"4": {
				"score": 0.6339970231056213,
				"x": 0.515625,
				"y": 0.2833333333333333
			},
			"5": {
				"score": 0.8486570119857788,
				"x": 0.59375,
				"y": 0.3888888888888889
			},
			"6": {
				"score": 0.5415610074996948,
				"x": 0.6,
				"y": 0.3277777777777778
			},
			"7": {
				"score": 0.7092260122299194,
				"x": 0.6,
				"y": 0.2777777777777778
			},
			"8": {
				"score": 0.7633479833602905,
				"x": 0.56875,
				"y": 0.5666666666666667
			},
			"9": {
				"score": 0.8126999735832214,
				"x": 0.5625,
				"y": 0.7111111111111111
			},
			"10": {
				"score": 0.8160610198974609,
				"x": 0.540625,
				"y": 0.8277777777777777
			},
			"11": {
				"score": 0.7296389937400818,
				"x": 0.609375,
				"y": 0.5611111111111111
			},
			"12": {
				"score": 0.8630070090293884,
				"x": 0.625,
				"y": 0.7166666666666667
			},
			"13": {
				"score": 0.7527419924736023,
				"x": 0.625,
				"y": 0.8388888888888889
			},
			"14": {
				"score": 0.7426180243492126,
				"x": 0.5625,
				"y": 0.3277777777777778
			},
			"15": {
				"score": 0.808784008026123,
				"x": 0.571875,
				"y": 0.3277777777777778
			},
			"16": {
				"score": 0.7294110059738159,
				"x": 0.553125,
				"y": 0.34444444444444444
			},
			"17": {
				"score": 0.5852760076522827,
				"x": 0.58125,
				"y": 0.3388888888888889
			}
		}
	]
}