{
	"predictions": [
		{
			"1": {
				"score": 0.6475620269775391,
				"x": 0.50625,
				"y": 0.4222222222222222
			},
			"2": {
				"score": 0.5206639766693115,
				"x": 0.5125,
				"y": 0.4222222222222222
			},
			"5": {
				"score": 0.7147459983825684,
				"x": 0.50625,
				"y": 0.42777777777777776
			},
			"6": {
				"score": 0.6352940201759338,
				"x": 0.49375,
				"y": 0.4888888888888889
			},
			"7": {
				"score": 0.8122730255126953,
				"x": 0.478125,
				"y": 0.5388888888888889
			},
			"8": {
				"score": 0.6168689727783203,
				"x": 0.503125,
				"y": 0.5666666666666667
			},
			"9": {
				"score": 0.7183200120925903,
				"x": 0.5,
				"y": 0.6888888888888889
			},
			"10": {
				"score": 0.8128319978713989,
				"x": 0.478125,
				"y": 0.8055555555555556
			},
			"11": {
				"score": 0.6122109889984131,
				"x": 0.5,
				"y": 0.5722222222222222
			},
			"12": {
				"score": 0.840794026851654,
				"x": 0.515625,
				"y": 0.6777777777777778
			},
			"13": {
				"score": 0.6603800058364868,
				"x": 0.496875,
				"y": 0.7777777777777778
			},
			"17": {
				"score": 0.3637549877166748,
				"x": 0.490625,
				"y": 0.36666666666666664
			}
		}
	]
}