{
	"predictions": [
		{
			"0": {
				"score": 0.7884780168533325,
				"x": 0.55,
				"y": 0.3888888888888889
			},
			"1": {
				"score": 0.8579760193824768,
				"x": 0.54375,
				"y": 0.4444444444444444
			},
			"2": {
				"score": 0.7539240121841431,
				"x": 0.521875,
				"y": 0.4444444444444444
			},
			"3": {
				"score": 0.5844789743423462,
				"x": 0.503125,
				"y": 0.5
			},
			"4": {
				"score": 0.5248439908027649,
				"x": 0.5,
				"y": 0.5111111111111111
			},
			"5": {
				"score": 0.8267970085144043,
				"x": 0.565625,
				"y": 0.45
			},
			"6": {
				"score": 0.7574160099029541,
				"x": 0.5875,
				"y": 0.5055555555555555
			},
			"7": {
				"score": 0.6574550271034241,
				"x": 0.6125,
				"y": 0.5111111111111111
			},
			"8": {
				"score": 0.8041930198669434,
				"x": 0.540625,
				"y": 0.5888888888888889
			},
			"9": {
				"score": 0.8862090110778809,
				"x": 0.515625,
				"y": 0.7
			},
			"10": {
				"score": 0.7587289810180664,
				"x": 0.484375,
				"y": 0.8166666666666667
			},
			"11": {
				"score": 0.7626799941062927,
				"x": 0.575,
				"y": 0.5833333333333334
			},
			"12": {
				"score": 0.8051720261573792,
				"x": 0.584375,
				"y": 0.7
			},
			"13": {
				"score": 0.7964000105857849,
				"x": 0.590625,
				"y": 0.8166666666666667
			},
			"14": {
				"score": 0.7170079946517944,
				"x": 0.54375,
				"y": 0.37777777777777777
			},
			"15": {
				"score": 0.8253099918365479,
				"x": 0.55625,
				"y": 0.37777777777777777
			},
			"16": {
				"score": 0.4167979955673218,
				"x": 0.534375,
				"y": 0.3888888888888889
			},
			"17": {
				"score": 0.5585880279541016,
				"x": 0.565625,
				"y": 0.39444444444444443
			}
		}
	]
}