{
	"predictions": [
		{
			"0": {
				"score": 0.9446510076522827,
				"x": 0.528125,
				"y": 0.34444444444444444
			},
			"1": {
				"score": 0.8304920196533203,
				"x": 0.528125,
				"y": 0.4222222222222222
			},
			"2": {
				"score": 0.8085110187530518,
				"x": 0.5,
				"y": 0.42777777777777776
			},
			"3": {
				"score": 0.8091999888420105,
				"x": 0.48125,
				"y": 0.5055555555555555
			},
			"4": {
				"score": 0.7711700201034546,
				"x": 0.471875,
				"y": 0.5722222222222222
			},
			"5": {
				"score": 0.8416659832000732,
				"x": 0.553125,
				"y": 0.4166666666666667
			},
			"6": {
				"score": 0.851485013961792,
				"x": 0.584375,
				"y": 0.48333333333333334
			},
			"7": {
				"score": 0.8092470169067383,
				"x": 0.609375,
				"y": 0.5388888888888889
			},
			"8": {
				"score": 0.7764710187911987,
				"x": 0.515625,
				"y": 0.5833333333333334
			},
			"9": {
				"score": 0.7096369862556458,
				"x": 0.5125,
				"y": 0.7333333333333333
			},
			"10": {
				"score": 0.7810230255126953,
				"x": 0.5,
				"y": 0.8277777777777777
			},
			"11": {
				"score": 0.7581999897956848,
				"x": 0.553125,
				"y": 0.5777777777777777
			},
			"12": {
				"score": 0.7965700030326843,
				"x": 0.575,
				"y": 0.7166666666666667
			},
			"13": {
				"score": 0.757781982421875,
				"x": 0.584375,
				"y": 0.8555555555555555
			},
			"14": {
				"score": 0.8601440191268921,
				"x": 0.521875,
				"y": 0.3333333333333333
			},
			"15": {
				"score": 0.8415079712867737,
				"x": 0.534375,
				"y": 0.3333333333333333
			},
			"16": {
				"score": 0.6470339894294739,
				"x": 0.5125,
				"y": 0.35
			},
			"17": {
				"score": 0.7625489830970764,
				"x": 0.54375,
				"y": 0.35
			}
		}
	]
}