{
	"predictions": [
		{
			"0": {
				"score": 0.8513979911804199,
				"x": 0.5125,
				"y": 0.37777777777777777
			},
			"1": {
				"score": 0.7368890047073364,
				"x": 0.525,
				"y": 0.4388888888888889
			},
			"2": {
				"score": 0.8455619812011719,
				"x": 0.5,
				"y": 0.45
			},
			"3": {
				"score": 0.8847659826278687,
				"x": 0.48125,
				"y": 0.5166666666666667
			},
			"4": {
				"score": 0.7873139977455139,
				"x": 0.465625,
				"y": 0.5777777777777777
			},
			"5": {
				"score": 0.7495660185813904,
				"x": 0.55,
				"y": 0.43333333333333335
			},
			"6": {
				"score": 0.5747820138931274,
				"x": 0.571875,
				"y": 0.4722222222222222
			},
			"7": {
				"score": 0.622078001499176,
				"x": 0.571875,
				"y": 0.5333333333333333
			},
			"8": {
				"score": 0.8036800026893616,
				"x": 0.503125,
				"y": 0.5833333333333334
			},
			"9": {
				"score": 0.8802409768104553,
				"x": 0.478125,
				"y": 0.7055555555555556
			},
			"10": {
				"score": 0.8296390175819397,
				"x": 0.465625,
				"y": 0.8166666666666667
			},
			"11": {
				"score": 0.770117998123169,
				"x": 0.5375,
				"y": 0.5888888888888889
			},
			"12": {
				"score": 0.7953510284423828,
				"x": 0.559375,
				"y": 0.7166666666666667
			},
			"13": {
				"score": 0.8535460233688354,
				"x": 0.578125,
				"y": 0.8222222222222222
			},
			"14": {
				"score": 0.8422530293464661,
				"x": 0.50625,
				"y": 0.37222222222222223
			},
			"15": {
				"score": 0.9364259839057922,
				"x": 0.51875,
				"y": 0.36666666666666664
			},
			"16": {
				"score": 0.33226799964904785,
				"x": 0.503125,
				"y": 0.3888888888888889
			},
			"17": {
				"score": 0.8312960267066956,
				"x": 0.53125,
				"y": 0.37777777777777777
			}
		}
	]
}