{
	"predictions": [
		{
			"0": {
				"score": 0.9846349954605103,
				"x": 0.465625,
				"y": 0.3611111111111111
			},
			"1": {
				"score": 0.8750010132789612,
				"x": 0.459375,
				"y": 0.42777777777777776
			},
			"2": {
				"score": 0.936847984790802,
				"x": 0.43125,
				"y": 0.42777777777777776
			},
			"3": {
				"score": 0.8754969835281372,
				"x": 0.40625,
				"y": 0.4888888888888889
			},
			"4": {
				"score": 0.8383679986000061,
				"x": 0.428125,
				"y": 0.4777777777777778
			},
			"5": {
				"score": 0.7761960029602051,
				"x": 0.484375,
				"y": 0.4222222222222222
			},
			"6": {
				"score": 0.8087130188941956,
				"x": 0.521875,
				"y": 0.4666666666666667
			},
			"7": {
				"score": 0.7563009858131409,
				"x": 0.496875,
				"y": 0.4777777777777778
			},
			"8": {
				"score": 0.6491879820823669,
				"x": 0.446875,
				"y": 0.5777777777777777
			},
			"9": {
				"score": 0.8856679797172546,
				"x": 0.45625,
				"y": 0.6944444444444444
			},
			"10": {
				"score": 0.6904569864273071,
				"x": 0.459375,
				"y": 0.7944444444444444
			},
			"11": {
				"score": 0.7531059980392456,
				"x": 0.484375,
				"y": 0.5722222222222222
			},
			"12": {
				"score": 0.8935490250587463,
				"x": 0.484375,
				"y": 0.6944444444444444
			},
			"13": {
				"score": 0.9003340005874634,
				"x": 0.48125,
				"y": 0.8055555555555556
			},
			"14": {
				"score": 0.7183250188827515,
				"x": 0.4625,
				"y": 0.35555555555555557
			},
			"15": {
				"score": 0.7557250261306763,
				"x": 0.471875,
				"y": 0.35555555555555557
			},
			"16": {
				"score": 0.7523109912872314,
				"x": 0.45,
				"y": 0.3611111111111111
			}
		}
	]
}