{
	"predictions": [
		{
			"0": {
				"score": 0.7290030121803284,
				"x": 0.334375,
				"y": 0.37777777777777777
			},
			"1": {
				"score": 0.8794370293617249,
				"x": 0.33125,
				"y": 0.42777777777777776
			},
			"2": {
				"score": 0.7134760022163391,
				"x": 0.3125,
				"y": 0.4222222222222222
			},
			"3": {
				"score": 0.8710619807243347,
				"x": 0.29375,
				"y": 0.46111111111111114
			},
			"4": {
				"score": 0.7606210112571716,
				"x": 0.334375,
				"y": 0.4666666666666667
			},
			"5": {
				"score": 0.8606119751930237,
				"x": 0.353125,
				"y": 0.43333333333333335
			},
			"6": {
				"score": 0.5726240277290344,
				"x": 0.371875,
				"y": 0.46111111111111114
			},
			"7": {
				"score": 0.7633789777755737,
				"x": 0.38125,
				"y": 0.4666666666666667
			},
			"8": {
				"score": 0.8309460282325745,
				"x": 0.328125,
				"y": 0.5611111111111111
			},
			"9": {
				"score": 0.8767430186271667,
				"x": 0.353125,
				"y": 0.6666666666666666
			},
			"10": {
				"score": 0.8080469965934753,
				"x": 0.33125,
				"y": 0.7666666666666667
			},
			"11": {
				"score": 0.7676780223846436,
				"x": 0.35,
				"y": 0.5666666666666667
			},
			"12": {
				"score": 0.6899210214614868,
				"x": 0.328125,
				"y": 0.6888888888888889
			},
			"13": {
				"score": 0.7642170190811157,
				"x": 0.303125,
				"y": 0.8
			},
			"14": {
				"score": 0.9118989706039429,
				"x": 0.328125,
				"y": 0.36666666666666664
			},
			"15": {
				"score": 0.9263709783554077,
				"x": 0.340625,
				"y": 0.36666666666666664
			},
			"16": {
				"score": 0.6607120037078857,
				"x": 0.31875,
				"y": 0.37777777777777777
			},
			"17": {
				"score": 0.28318899869918823,
				"x": 0.346875,
				"y": 0.37777777777777777
			}
		}
	]
}