{
	"predictions": [
		{
			"0": {
				"score": 0.8859949707984924,
				"x": 0.553125,
				"y": 0.36666666666666664
			},
			"1": {
				"score": 0.8557909727096558,
				"x": 0.540625,
				"y": 0.4388888888888889
			},
			"2": {
				"score": 0.764648973941803,
				"x": 0.51875,
				"y": 0.4388888888888889
			},
			"3": {
				"score": 0.7256199717521667,
				"x": 0.503125,
				"y": 0.5111111111111111
			},
			"4": {
				"score": 0.7377840280532837,
				"x": 0.5,
				"y": 0.4722222222222222
			},
			"5": {
				"score": 0.8137170076370239,
				"x": 0.565625,
				"y": 0.4388888888888889
			},
			"6": {
				"score": 0.8146430253982544,
				"x": 0.565625,
				"y": 0.5111111111111111
			},
			"7": {
				"score": 0.6925209760665894,
				"x": 0.55,
				"y": 0.4444444444444444
			},
			"8": {
				"score": 0.7701069712638855,
				"x": 0.534375,
				"y": 0.5777777777777777
			},
			"9": {
				"score": 0.8940050005912781,
				"x": 0.509375,
				"y": 0.7
			},
			"10": {
				"score": 0.8822839856147766,
				"x": 0.478125,
				"y": 0.8111111111111111
			},
			"11": {
				"score": 0.7008810043334961,
				"x": 0.565625,
				"y": 0.5722222222222222
			},
			"12": {
				"score": 0.8565319776535034,
				"x": 0.575,
				"y": 0.6944444444444444
			},
			"13": {
				"score": 0.8284749984741211,
				"x": 0.584375,
				"y": 0.8111111111111111
			},
			"14": {
				"score": 0.8789089918136597,
				"x": 0.546875,
				"y": 0.3611111111111111
			},
			"15": {
				"score": 0.88503098487854,
				"x": 0.55625,
				"y": 0.3611111111111111
			},
			"16": {
				"score": 0.7203130125999451,
				"x": 0.534375,
				"y": 0.37222222222222223
			},
			"17": {
				"score": 0.23795700073242188,
				"x": 0.559375,
				"y": 0.37777777777777777
			}
		}
	]
}