{
	"predictions": [
		{
			"0": {
				"score": 0.8434590101242065,
				"x": 0.471875,
				"y": 0.35555555555555557
			},
			"1": {
				"score": 0.8826749920845032,
				"x": 0.46875,
				"y": 0.42777777777777776
			},
			"2": {
				"score": 0.8862299919128418,
				"x": 0.44375,
				"y": 0.42777777777777776
			},
			"3": {
				"score": 0.662132978439331,
				"x": 0.440625,
				"y": 0.5
			},
			"4": {
				"score": 0.5489410161972046,
				"x": 0.44375,
				"y": 0.5611111111111111
			},
			"5": {
				"score": 0.8199700117111206,
				"x": 0.49375,
				"y": 0.4222222222222222
			},
			"6": {
				"score": 0.3603360056877136,
				"x": 0.496875,
				"y": 0.48333333333333334
			},
			"8": {
				"score": 0.7691360116004944,
				"x": 0.453125,
				"y": 0.5722222222222222
			},
			"9": {
				"score": 0.7760940194129944,
				"x": 0.453125,
				"y": 0.7055555555555556
			},
			"10": {
				"score": 0.49884700775146484,
				"x": 0.4625,
				"y": 0.7777777777777778
			},
			"11": {
				"score": 0.7768440246582031,
				"x": 0.4875,
				"y": 0.5666666666666667
			},
			"12": {
				"score": 0.8674730062484741,
				"x": 0.475,
				"y": 0.7
			},
			"13": {
				"score": 0.8408330082893372,
				"x": 0.46875,
				"y": 0.8111111111111111
			},
			"14": {
				"score": 0.8313040137290955,
				"x": 0.465625,
				"y": 0.35
			},
			"15": {
				"score": 0.8520380258560181,
				"x": 0.478125,
				"y": 0.35
			},
			"16": {
				"score": 0.6233519911766052,
				"x": 0.459375,
				"y": 0.3611111111111111
			},
			"17": {
				"score": 0.5871729850769043,
				"x": 0.484375,
				"y": 0.3611111111111111
			}
		}
	]
}