{
	"predictions": [
		{
			"0": {
				"score": 0.8694019913673401,
				"x": 0.328125,
				"y": 0.3888888888888889
			},
			"1": {
				"score": 0.7319470047950745,
				"x": 0.3375,
				"y": 0.4388888888888889
			},
			"2": {
				"score": 0.6971660256385803,
				"x": 0.321875,
				"y": 0.4388888888888889
			},
			"3": {
				"score": 0.5087069869041443,
				"x": 0.303125,
				"y": 0.49444444444444446
			},
			"4": {
				"score": 0.6690000295639038,
				"x": 0.296875,
				"y": 0.4777777777777778
			},
			"5": {
				"score": 0.743923008441925,
				"x": 0.35,
				"y": 0.4388888888888889
			},
			"6": {
				"score": 0.8778769969940186,
				"x": 0.365625,
				"y": 0.5111111111111111
			},
			"7": {
				"score": 0.7286350131034851,
				"x": 0.3375,
				"y": 0.48333333333333334
			},
			"8": {
				"score": 0.7130969762802124,
				"x": 0.3125,
				"y": 0.5722222222222222
			},
			"9": {
				"score": 0.7271909713745117,
				"x": 0.296875,
				"y": 0.6833333333333333
			},
			"10": {
				"score": 0.7950890064239502,
				"x": 0.2875,
				"y": 0.7888888888888889
			},
			"11": {
				"score": 0.7499449849128723,
				"x": 0.33125,
				"y": 0.5777777777777777
			},
			"12": {
				"score": 0.8051760196685791,
				"x": 0.321875,
				"y": 0.7
			},
			"13": {
				"score": 0.8675000071525574,
				"x": 0.35625,
				"y": 0.7944444444444444
			},
			"14": {
				"score": 0.7778099775314331,
				"x": 0.321875,
				"y": 0.38333333333333336
			},
			"15": {
				"score": 0.8680409789085388,
				"x": 0.33125,
				"y": 0.38333333333333336
			},
			"17": {
				"score": 0.7708140015602112,
				"x": 0.34375,
				"y": 0.38333333333333336
			}
		}
	]
}