{
	"predictions": [
		{
			"0": {
				"score": 0.7767710089683533,
				"x": 0.396875,
				"y": 0.37777777777777777
			},
			"1": {
				"score": 0.842162013053894,
				"x": 0.403125,
				"y": 0.43333333333333335
			},
			"2": {
				"score": 0.7681350111961365,
				"x": 0.384375,
				"y": 0.42777777777777776
			},
			"3": {
				"score": 0.8364120125770569,
				"x": 0.353125,
				"y": 0.48333333333333334
			},
			"4": {
				"score": 0.6639090180397034,
				"x": 0.375,
				"y": 0.46111111111111114
			},
			"5": {
				"score": 0.6950219869613647,
				"x": 0.421875,
				"y": 0.4388888888888889
			},
			"6": {
				"score": 0.8880220055580139,
				"x": 0.428125,
				"y": 0.5111111111111111
			},
			"7": {
				"score": 0.6485530138015747,
				"x": 0.40625,
				"y": 0.4666666666666667
			},
			"8": {
				"score": 0.6076369881629944,
				"x": 0.390625,
				"y": 0.5777777777777777
			},
			"9": {
				"score": 0.8512939810752869,
				"x": 0.396875,
				"y": 0.6944444444444444
			},
			"10": {
				"score": 0.8192020058631897,
				"x": 0.421875,
				"y": 0.7888888888888889
			},
			"11": {
				"score": 0.6593220233917236,
				"x": 0.403125,
				"y": 0.5777777777777777
			},
			"12": {
				"score": 0.815867006778717,
				"x": 0.371875,
				"y": 0.6833333333333333
			},
			"13": {
				"score": 0.8554840087890625,
				"x": 0.365625,
				"y": 0.7888888888888889
			},
			"14": {
				"score": 0.8535500168800354,
				"x": 0.39375,
				"y": 0.36666666666666664
			},
			"15": {
				"score": 0.9037889838218689,
				"x": 0.403125,
				"y": 0.36666666666666664
			},
			"16": {
				"score": 0.20785300433635712,
				"x": 0.3875,
				"y": 0.3888888888888889
			},
			"17": {
				"score": 0.8046370148658752,
				"x": 0.415625,
				"y": 0.38333333333333336
			}
		}
	]
}