{
	"predictions": [
		{
			"0": {
				"score": 0.21010099351406097,
				"x": 0.46875,
				"y": 0.4
			},
			"1": {
				"score": 0.7253100275993347,
				"x": 0.45625,
				"y": 0.4388888888888889
			},
			"2": {
				"score": 0.623803973197937,
				"x": 0.4375,
				"y": 0.4388888888888889
			},
			"5": {
				"score": 0.6684219837188721,
				"x": 0.475,
				"y": 0.4444444444444444
			},
			"8": {
				"score": 0.7328289747238159,
				"x": 0.440625,
				"y": 0.5722222222222222
			},
			"9": {
				"score": 0.802511990070343,
				"x": 0.43125,
				"y": 0.6833333333333333
			},
			"10": {
				"score": 0.7827519774436951,
				"x": 0.446875,
				"y": 0.8111111111111111
			},
			"11": {
				"score": 0.6339750289916992,
				"x": 0.475,
				"y": 0.5777777777777777
			},
			"12": {
				"score": 0.8382239937782288,
				"x": 0.46875,
				"y": 0.7111111111111111
			},
			"13": {
				"score": 0.7517910003662109,
				"x": 0.45625,
				"y": 0.8111111111111111
			},
			"14": {
				"score": 0.2186249941587448,
				"x": 0.4625,
				"y": 0.3888888888888889
			},
			"15": {
				"score": 0.14855700731277466,
				"x": 0.471875,
				"y": 0.39444444444444443
			},
			"16": {
				"score": 0.2512359917163849,
				"x": 0.453125,
				"y": 0.39444444444444443
			}
		}
	]
}