{
	"predictions": [
		{
			"0": {
				"score": 0.981203019618988,
				"x": 0.478125,
				"y": 0.36666666666666664
			},
			"1": {
				"score": 0.6965069770812988,
				"x": 0.496875,
				"y": 0.4222222222222222
			},
			"2": {
				"score": 0.7090250253677368,
				"x": 0.475,
				"y": 0.4222222222222222
			},
			"3": {
				"score": 0.8375639915466309,
				"x": 0.465625,
				"y": 0.49444444444444446
			},
			"4": {
				"score": 0.7317839860916138,
				"x": 0.4625,
				"y": 0.5555555555555556
			},
			"5": {
				"score": 0.7042689919471741,
				"x": 0.51875,
				"y": 0.4222222222222222
			},
			"6": {
				"score": 0.6419450044631958,
				"x": 0.534375,
				"y": 0.5
			},
			"7": {
				"score": 0.5899689793586731,
				"x": 0.5375,
				"y": 0.5722222222222222
			},
			"8": {
				"score": 0.8035119771957397,
				"x": 0.48125,
				"y": 0.5666666666666667
			},
			"9": {
				"score": 0.9422079920768738,
				"x": 0.48125,
				"y": 0.6944444444444444
			},
			"10": {
				"score": 0.7972859740257263,
				"x": 0.484375,
				"y": 0.8055555555555556
			},
			"11": {
				"score": 0.7633010149002075,
				"x": 0.5125,
				"y": 0.5666666666666667
			},
			"12": {
				"score": 0.9056990146636963,
				"x": 0.50625,
				"y": 0.7
			},
			"13": {
				"score": 0.8523970246315002,
				"x": 0.503125,
				"y": 0.8111111111111111
			},
			"14": {
				"score": 0.4693880081176758,
				"x": 0.475,
				"y": 0.35555555555555557
			},
			"15": {
				"score": 0.7809900045394897,
				"x": 0.484375,
				"y": 0.35555555555555557
			},
			"17": {
				"score": 0.6905410289764404,
				"x": 0.5,
				"y": 0.35555555555555557
			}
		}
	]
}