{
	"predictions": [
		{
			"1": {
				"score": 0.9315040111541748,
				"x": 0.44375,
				"y": 0.42777777777777776
			},
			"2": {
				"score": 0.8874620199203491,
				"x": 0.465625,
				"y": 0.43333333333333335
			},
			"3": {
				"score": 0.7312729954719543,
				"x": 0.465625,
				"y": 0.5111111111111111
			},
			"4": {
				"score": 0.7656409740447998,
				"x": 0.4625,
				"y": 0.5666666666666667
			},
			"5": {
				"score": 0.7962639927864075,
				"x": 0.421875,
				"y": 0.42777777777777776
			},
			"6": {
				"score": 0.7650539875030518,
				"x": 0.40625,
				"y": 0.4888888888888889
			},
			"7": {
				"score": 0.6783030033111572,
				"x": 0.396875,
				"y": 0.5555555555555556
			},
			"8": {
				"score": 0.7538189888000488,
				"x": 0.453125,
				"y": 0.5666666666666667
			},
			"9": {
				"score": 0.815945029258728,
				"x": 0.45,
				"y": 0.6722222222222223
			},
			"10": {
				"score": 0.4750770032405853,
				"x": 0.4375,
				"y": 0.7611111111111111
			},
			"11": {
				"score": 0.7242980003356934,
				"x": 0.425,
				"y": 0.5611111111111111
			},
			"12": {
				"score": 0.8157920241355896,
				"x": 0.43125,
				"y": 0.6833333333333333
			},
			"13": {
				"score": 0.6247419714927673,
				"x": 0.434375,
				"y": 0.7944444444444444
			},
			"16": {
				"score": 0.4605799913406372,
				"x": 0.4625,
				"y": 0.37222222222222223
			},
			"17": {
				"score": 0.48205798864364624,
				"x": 0.434375,
				"y": 0.37222222222222223
			}
		}
	]
}