{
	"predictions": [
		{
			"0": {
				"score": 0.8909270167350769,
				"x": 0.58125,
				"y": 0.35
			},
			"1": {
				"score": 0.7964079976081848,
				"x": 0.58125,
				"y": 0.4166666666666667
			},
			"2": {
				"score": 0.8034819960594177,
				"x": 0.55625,
				"y": 0.4222222222222222
			},
			"3": {
				"score": 0.2271530032157898,
				"x": 0.55625,
				"y": 0.4666666666666667
			},
			"5": {
				"score": 0.7512900233268738,
				"x": 0.609375,
				"y": 0.4111111111111111
			},
			"6": {
				"score": 0.7374799847602844,
				"x": 0.628125,
				"y": 0.32222222222222224
			},
			"7": {
				"score": 0.41346800327301025,
				"x": 0.60625,
				"y": 0.3388888888888889
			},
			"8": {
				"score": 0.7707419991493225,
				"x": 0.565625,
				"y": 0.5777777777777777
			},
			"9": {
				"score": 0.8335729837417603,
				"x": 0.571875,
				"y": 0.7166666666666667
			},
			"10": {
				"score": 0.8566570281982422,
				"x": 0.590625,
				"y": 0.8277777777777777
			},
			"11": {
				"score": 0.7192260026931763,
				"x": 0.603125,
				"y": 0.5777777777777777
			},
			"12": {
				"score": 0.663129985332489,
				"x": 0.596875,
				"y": 0.7111111111111111
			},
			"13": {
				"score": 0.7994409799575806,
				"x": 0.628125,
				"y": 0.7222222222222222
			},
			"14": {
				"score": 0.9034159779548645,
				"x": 0.578125,
				"y": 0.3388888888888889
			},
			"15": {
				"score": 0.9519829750061035,
				"x": 0.590625,
				"y": 0.3388888888888889
			},
			"16": {
				"score": 0.5596399903297424,
				"x": 0.56875,
				"y": 0.35
			},
			"17": {
				"score": 0.6415489912033081,
				"x": 0.6,
				"y": 0.35555555555555557
			}
		}
	]
}