{
	"predictions": [
		{
			"0": {
				"score": 0.8195620179176331,
				"x": 0.459375,
				"y": 0.32222222222222224
			},
			"1": {
				"score": 0.8733360171318054,
				"x": 0.45625,
				"y": 0.4
			},
			"2": {
				"score": 0.7455059885978699,
				"x": 0.428125,
				"y": 0.39444444444444443
			},
			"3": {
				"score": 0.8819649815559387,
				"x": 0.39375,
				"y": 0.4444444444444444
			},
			"4": {
				"score": 0.7087039947509766,
				"x": 0.41875,
				"y": 0.46111111111111114
			},
			"5": {
				"score": 0.7961789965629578,
				"x": 0.484375,
				"y": 0.40555555555555556
			},
			"6": {
				"score": 0.7198349833488464,
				"x": 0.503125,
				"y": 0.45555555555555555
			},
			"7": {
				"score": 0.8055869936943054,
				"x": 0.51875,
				"y": 0.4722222222222222
			},
			"8": {
				"score": 0.6581389904022217,
				"x": 0.434375,
				"y": 0.5777777777777777
			},
			"9": {
				"score": 0.8052560091018677,
				"x": 0.459375,
				"y": 0.7166666666666667
			},
			"10": {
				"score": 0.6894159913063049,
				"x": 0.434375,
				"y": 0.8555555555555555
			},
			"11": {
				"score": 0.6885570287704468,
				"x": 0.471875,
				"y": 0.5777777777777777
			},
			"12": {
				"score": 0.9088990092277527,
				"x": 0.48125,
				"y": 0.7222222222222222
			},
			"13": {
				"score": 0.6590549945831299,
				"x": 0.440625,
				"y": 0.8388888888888889
			},
			"14": {
				"score": 0.9090129733085632,
				"x": 0.453125,
				"y": 0.31666666666666665
			},
			"15": {
				"score": 0.8965049982070923,
				"x": 0.465625,
				"y": 0.3111111111111111
			},
			"16": {
				"score": 0.7577869892120361,
				"x": 0.44375,
				"y": 0.3333333333333333
			},
			"17": {
				"score": 0.3812449872493744,
				"x": 0.475,
				"y": 0.3277777777777778
			}
		}
	]
}