{
	"predictions": [
		{
			"0": {
				"score": 0.32095399498939514,
				"x": 0.490625,
				"y": 0.37222222222222223
			},
			"1": {
				"score": 0.6774849891662598,
				"x": 0.49375,
				"y": 0.4111111111111111
			},
			"2": {
				"score": 0.5727869868278503,
				"x": 0.475,
				"y": 0.4111111111111111
			},
			"3": {
				"score": 0.14911200106143951,
				"x": 0.478125,
				"y": 0.4722222222222222
			},
			"5": {
				"score": 0.6142429709434509,
				"x": 0.5125,
				"y": 0.4111111111111111
			},
			"6": {
				"score": 0.4695970118045807,
				"x": 0.53125,
				"y": 0.4888888888888889
			},
			"7": {
				"score": 0.6133289933204651,
				"x": 0.54375,
				"y": 0.5722222222222222
			},
			"8": {
				"score": 0.6844429969787598,
				"x": 0.484375,
				"y": 0.5611111111111111
			},
			"9": {
				"score": 0.9088799953460693,
				"x": 0.48125,
				"y": 0.6944444444444444
			},
			"10": {
				"score": 0.7821829915046692,
				"x": 0.484375,
				"y": 0.8055555555555556
			},
			"11": {
				"score": 0.7118430137634277,
				"x": 0.51875,
				"y": 0.5611111111111111
			},
			"12": {
				"score": 0.8345990180969238,
				"x": 0.509375,
				"y": 0.6944444444444444
			},
			"13": {
				"score": 0.8534579873085022,
				"x": 0.503125,
				"y": 0.8111111111111111
			},
			"14": {
				"score": 0.27835699915885925,
				"x": 0.484375,
				"y": 0.3611111111111111
			},
			"15": {
				"score": 0.3362489938735962,
				"x": 0.49375,
				"y": 0.3611111111111111
			},
			"16": {
				"score": 0.15797099471092224,
				"x": 0.478125,
				"y": 0.3611111111111111
			},
			"17": {
				"score": 0.25861701369285583,
				"x": 0.503125,
				"y": 0.3611111111111111
			}
		}
	]
}