{
	"predictions": [
		{
			"0": {
				"score": 0.9728000164031982,
				"x": 0.490625,
				"y": 0.31666666666666665
			},
			"1": {
				"score": 0.9006990194320679,
				"x": 0.490625,
				"y": 0.3888888888888889
			},
			"2": {
				"score": 0.7851279973983765,
				"x": 0.459375,
				"y": 0.39444444444444443
			},
			"3": {
				"score": 0.8642709851264954,
				"x": 0.45625,
				"y": 0.4777777777777778
			},
			"4": {
				"score": 0.7354819774627686,
				"x": 0.45625,
				"y": 0.5388888888888889
			},
			"5": {
				"score": 0.8840420246124268,
				"x": 0.51875,
				"y": 0.3888888888888889
			},
			"6": {
				"score": 0.8712329864501953,
				"x": 0.515625,
				"y": 0.4722222222222222
			},
			"7": {
				"score": 0.6991329789161682,
				"x": 0.484375,
				"y": 0.5055555555555555
			},
			"8": {
				"score": 0.7864360213279724,
				"x": 0.46875,
				"y": 0.5611111111111111
			},
			"9": {
				"score": 0.8863070011138916,
				"x": 0.471875,
				"y": 0.7111111111111111
			},
			"10": {
				"score": 0.7801139950752258,
				"x": 0.475,
				"y": 0.8333333333333334
			},
			"11": {
				"score": 0.6570360064506531,
				"x": 0.509375,
				"y": 0.5611111111111111
			},
			"12": {
				"score": 0.9183650016784668,
				"x": 0.503125,
				"y": 0.7166666666666667
			},
			"13": {
				"score": 0.7406669855117798,
				"x": 0.496875,
				"y": 0.85
			},
			"14": {
				"score": 0.7871469855308533,
				"x": 0.484375,
				"y": 0.3055555555555556
			},
			"15": {
				"score": 0.7868509888648987,
				"x": 0.5,
				"y": 0.3055555555555556
			},
			"16": {
				"score": 0.6924899816513062,
				"x": 0.475,
				"y": 0.31666666666666665
			},
			"17": {
				"score": 0.6908310055732727,
				"x": 0.509375,
				"y": 0.31666666666666665
			}
		}
	]
}