{
	"predictions": [
		{
			"0": {
				"score": 0.8787029981613159,
				"x": 0.4875,
				"y": 0.3611111111111111
			},
			"1": {
				"score": 0.7294740080833435,
				"x": 0.478125,
				"y": 0.4388888888888889
			},
			"2": {
				"score": 0.6192290186882019,
				"x": 0.459375,
				"y": 0.4222222222222222
			},
			"3": {
				"score": 0.6263700127601624,
				"x": 0.45625,
				"y": 0.3611111111111111
			},
			"4": {
				"score": 0.8422600030899048,
				"x": 0.453125,
				"y": 0.29444444444444445
			},
			"5": {
				"score": 0.7017719745635986,
				"x": 0.49375,
				"y": 0.45555555555555555
			},
			"6": {
				"score": 0.2221820056438446,
				"x": 0.465625,
				"y": 0.5388888888888889
			},
			"7": {
				"score": 0.39526501297950745,
				"x": 0.45625,
				"y": 0.5833333333333334
			},
			"8": {
				"score": 0.699662983417511,
				"x": 0.40625,
				"y": 0.5777777777777777
			},
			"9": {
				"score": 0.7461130023002625,
				"x": 0.40625,
				"y": 0.7111111111111111
			},
			"10": {
				"score": 0.7838519811630249,
				"x": 0.41875,
				"y": 0.8444444444444444
			},
			"11": {
				"score": 0.7048389911651611,
				"x": 0.440625,
				"y": 0.5944444444444444
			},
			"12": {
				"score": 0.9324349761009216,
				"x": 0.48125,
				"y": 0.6944444444444444
			},
			"13": {
				"score": 0.8062549829483032,
				"x": 0.459375,
				"y": 0.8333333333333334
			},
			"14": {
				"score": 0.8173239827156067,
				"x": 0.478125,
				"y": 0.35555555555555557
			},
			"15": {
				"score": 0.8606870174407959,
				"x": 0.490625,
				"y": 0.35
			},
			"16": {
				"score": 0.625370979309082,
				"x": 0.46875,
				"y": 0.36666666666666664
			}
		}
	]
}