{
	"predictions": [
		{
			"0": {
				"score": 0.8565670251846313,
				"x": 0.465625,
				"y": 0.35
			},
			"1": {
				"score": 0.9086819887161255,
				"x": 0.453125,
				"y": 0.40555555555555556
			},
			"2": {
				"score": 0.7568309903144836,
				"x": 0.434375,
				"y": 0.4
			},
			"3": {
				"score": 0.5217260122299194,
				"x": 0.45,
				"y": 0.43333333333333335
			},
			"4": {
				"score": 0.407723993062973,
				"x": 0.4875,
				"y": 0.4111111111111111
			},
			"5": {
				"score": 0.7981839776039124,
				"x": 0.475,
				"y": 0.4166666666666667
			},
			"6": {
				"score": 0.47008201479911804,
				"x": 0.49375,
				"y": 0.4166666666666667
			},
			"7": {
				"score": 0.6576020121574402,
				"x": 0.509375,
				"y": 0.3888888888888889
			},
			"8": {
				"score": 0.7491359710693359,
				"x": 0.428125,
				"y": 0.55
			},
			"9": {
				"score": 0.7943919897079468,
				"x": 0.421875,
				"y": 0.6833333333333333
			},
			"10": {
				"score": 0.687267005443573,
				"x": 0.434375,
				"y": 0.7777777777777778
			},
			"11": {
				"score": 0.6614059805870056,
				"x": 0.459375,
				"y": 0.5555555555555556
			},
			"12": {
				"score": 0.7645919919013977,
				"x": 0.4625,
				"y": 0.6888888888888889
			},
			"13": {
				"score": 0.8180869817733765,
				"x": 0.46875,
				"y": 0.8055555555555556
			},
			"14": {
				"score": 0.8657540082931519,
				"x": 0.4625,
				"y": 0.34444444444444444
			},
			"15": {
				"score": 0.8479899764060974,
				"x": 0.471875,
				"y": 0.34444444444444444
			},
			"16": {
				"score": 0.7214459776878357,
				"x": 0.45,
				"y": 0.35
			},
			"17": {
				"score": 0.3231920003890991,
				"x": 0.475,
				"y": 0.3611111111111111
			}
		}
	]
}