{
	"predictions": [
		{
			"0": {
				"score": 0.7541710138320923,
				"x": 0.4875,
				"y": 0.3055555555555556
			},
			"1": {
				"score": 0.8493419885635376,
				"x": 0.490625,
				"y": 0.37777777777777777
			},
			"2": {
				"score": 0.8113930225372314,
				"x": 0.459375,
				"y": 0.37777777777777777
			},
			"3": {
				"score": 0.7282090187072754,
				"x": 0.45,
				"y": 0.4666666666666667
			},
			"4": {
				"score": 0.7253850102424622,
				"x": 0.44375,
				"y": 0.5333333333333333
			},
			"5": {
				"score": 0.7489669919013977,
				"x": 0.521875,
				"y": 0.37777777777777777
			},
			"6": {
				"score": 0.751986026763916,
				"x": 0.534375,
				"y": 0.46111111111111114
			},
			"7": {
				"score": 0.6374779939651489,
				"x": 0.53125,
				"y": 0.4111111111111111
			},
			"8": {
				"score": 0.7351530194282532,
				"x": 0.465625,
				"y": 0.55
			},
			"9": {
				"score": 0.8646010160446167,
				"x": 0.46875,
				"y": 0.7055555555555556
			},
			"10": {
				"score": 0.7697719931602478,
				"x": 0.471875,
				"y": 0.8277777777777777
			},
			"11": {
				"score": 0.6980159878730774,
				"x": 0.509375,
				"y": 0.55
			},
			"12": {
				"score": 0.807440996170044,
				"x": 0.503125,
				"y": 0.7055555555555556
			},
			"13": {
				"score": 0.7516729831695557,
				"x": 0.496875,
				"y": 0.8444444444444444
			},
			"14": {
				"score": 0.9473320245742798,
				"x": 0.48125,
				"y": 0.29444444444444445
			},
			"15": {
				"score": 0.9445710182189941,
				"x": 0.49375,
				"y": 0.29444444444444445
			},
			"16": {
				"score": 0.6582779884338379,
				"x": 0.471875,
				"y": 0.3
			},
			"17": {
				"score": 0.7474049925804138,
				"x": 0.503125,
				"y": 0.3055555555555556
			}
		}
	]
}