{
	"predictions": [
		{
			"0": {
				"score": 0.9061620235443115,
				"x": 0.446875,
				"y": 0.34444444444444444
			},
			"1": {
				"score": 0.882764995098114,
				"x": 0.44375,
				"y": 0.4166666666666667
			},
			"2": {
				"score": 0.868973970413208,
				"x": 0.41875,
				"y": 0.4166666666666667
			},
			"3": {
				"score": 0.7207689881324768,
				"x": 0.396875,
				"y": 0.4777777777777778
			},
			"4": {
				"score": 0.656578004360199,
				"x": 0.384375,
				"y": 0.48333333333333334
			},
			"5": {
				"score": 0.7714369893074036,
				"x": 0.471875,
				"y": 0.4166666666666667
			},
			"6": {
				"score": 0.8356090188026428,
				"x": 0.496875,
				"y": 0.48333333333333334
			},
			"7": {
				"score": 0.7706419825553894,
				"x": 0.521875,
				"y": 0.5055555555555555
			},
			"8": {
				"score": 0.6709449887275696,
				"x": 0.425,
				"y": 0.55
			},
			"9": {
				"score": 0.802003026008606,
				"x": 0.421875,
				"y": 0.6833333333333333
			},
			"10": {
				"score": 0.8155630230903625,
				"x": 0.421875,
				"y": 0.8
			},
			"11": {
				"score": 0.7120019793510437,
				"x": 0.459375,
				"y": 0.5555555555555556
			},
			"12": {
				"score": 0.855929970741272,
				"x": 0.459375,
				"y": 0.7
			},
			"13": {
				"score": 0.9119840264320374,
				"x": 0.453125,
				"y": 0.8055555555555556
			},
			"14": {
				"score": 0.8819090127944946,
				"x": 0.440625,
				"y": 0.3333333333333333
			},
			"15": {
				"score": 0.8763350248336792,
				"x": 0.453125,
				"y": 0.3388888888888889
			},
			"16": {
				"score": 0.5917620062828064,
				"x": 0.434375,
				"y": 0.35
			},
			"17": {
				"score": 0.6232519745826721,
				"x": 0.459375,
				"y": 0.35555555555555557
			}
		}
	]
}