{
	"predictions": [
		{
			"0": {
				"score": 0.8690310120582581,
				"x": 0.5125,
				"y": 0.3111111111111111
			},
			"1": {
				"score": 0.7895219922065735,
				"x": 0.509375,
				"y": 0.39444444444444443
			},
			"2": {
				"score": 0.7946239709854126,
				"x": 0.478125,
				"y": 0.39444444444444443
			},
			"3": {
				"score": 0.7664240002632141,
				"x": 0.465625,
				"y": 0.49444444444444446
			},
			"4": {
				"score": 0.4721370041370392,
				"x": 0.45625,
				"y": 0.5611111111111111
			},
			"5": {
				"score": 0.8272799849510193,
				"x": 0.54375,
				"y": 0.39444444444444443
			},
			"6": {
				"score": 0.8602539896965027,
				"x": 0.553125,
				"y": 0.48333333333333334
			},
			"7": {
				"score": 0.8168269991874695,
				"x": 0.521875,
				"y": 0.4777777777777778
			},
			"8": {
				"score": 0.753570020198822,
				"x": 0.478125,
				"y": 0.5611111111111111
			},
			"9": {
				"score": 0.7864599823951721,
				"x": 0.475,
				"y": 0.7111111111111111
			},
			"10": {
				"score": 0.744280993938446,
				"x": 0.471875,
				"y": 0.8333333333333334
			},
			"11": {
				"score": 0.7696670293807983,
				"x": 0.51875,
				"y": 0.5666666666666667
			},
			"12": {
				"score": 0.931177020072937,
				"x": 0.50625,
				"y": 0.7166666666666667
			},
			"13": {
				"score": 0.783270001411438,
				"x": 0.49375,
				"y": 0.85
			},
			"14": {
				"score": 0.9149680137634277,
				"x": 0.50625,
				"y": 0.3
			},
			"15": {
				"score": 0.8771569728851318,
				"x": 0.51875,
				"y": 0.3055555555555556
			},
			"16": {
				"score": 0.7583760023117065,
				"x": 0.496875,
				"y": 0.31666666666666665
			},
			"17": {
				"score": 0.5951259732246399,
				"x": 0.528125,
				"y": 0.31666666666666665
			}
		}
	]
}