{
	"predictions": [
		{
			"0": {
				"score": 0.8677660226821899,
				"x": 0.459375,
				"y": 0.3
			},
			"1": {
				"score": 0.7896209955215454,
				"x": 0.459375,
				"y": 0.37222222222222223
			},
			"2": {
				"score": 0.8154500126838684,
				"x": 0.43125,
				"y": 0.37222222222222223
			},
			"3": {
				"score": 0.8237069845199585,
				"x": 0.390625,
				"y": 0.37777777777777777
			},
			"4": {
				"score": 0.8105120062828064,
				"x": 0.40625,
				"y": 0.3333333333333333
			},
			"5": {
				"score": 0.7248499989509583,
				"x": 0.4875,
				"y": 0.37222222222222223
			},
			"6": {
				"score": 0.7385849952697754,
				"x": 0.525,
				"y": 0.35555555555555557
			},
			"7": {
				"score": 0.7003470063209534,
				"x": 0.503125,
				"y": 0.3111111111111111
			},
			"8": {
				"score": 0.7212179899215698,
				"x": 0.4375,
				"y": 0.55
			},
			"9": {
				"score": 0.8537889719009399,
				"x": 0.440625,
				"y": 0.7166666666666667
			},
			"10": {
				"score": 0.6807519793510437,
				"x": 0.45,
				"y": 0.8444444444444444
			},
			"11": {
				"score": 0.7184510231018066,
				"x": 0.475,
				"y": 0.55
			},
			"12": {
				"score": 0.7845450043678284,
				"x": 0.465625,
				"y": 0.7111111111111111
			},
			"13": {
				"score": 0.6843760013580322,
				"x": 0.475,
				"y": 0.8444444444444444
			},
			"14": {
				"score": 0.9393309950828552,
				"x": 0.45625,
				"y": 0.28888888888888886
			},
			"15": {
				"score": 0.9586259722709656,
				"x": 0.46875,
				"y": 0.29444444444444445
			},
			"16": {
				"score": 0.47660699486732483,
				"x": 0.446875,
				"y": 0.3055555555555556
			},
			"17": {
				"score": 0.7334979772567749,
				"x": 0.478125,
				"y": 0.31666666666666665
			}
		}
	]
}