{
	"predictions": [
		{
			"0": {
				"score": 0.7898960113525391,
				"x": 0.484375,
				"y": 0.36666666666666664
			},
			"1": {
				"score": 0.7941910028457642,
				"x": 0.484375,
				"y": 0.4222222222222222
			},
			"2": {
				"score": 0.8156570196151733,
				"x": 0.45625,
				"y": 0.4166666666666667
			},
			"3": {
				"score": 0.8679909706115723,
				"x": 0.421875,
				"y": 0.45555555555555555
			},
			"4": {
				"score": 0.7364230155944824,
				"x": 0.434375,
				"y": 0.49444444444444446
			},
			"5": {
				"score": 0.7674850225448608,
				"x": 0.509375,
				"y": 0.42777777777777776
			},
			"6": {
				"score": 0.7079229950904846,
				"x": 0.546875,
				"y": 0.4722222222222222
			},
			"7": {
				"score": 0.5093550086021423,
				"x": 0.5375,
				"y": 0.48333333333333334
			},
			"8": {
				"score": 0.7966989874839783,
				"x": 0.46875,
				"y": 0.5666666666666667
			},
			"9": {
				"score": 0.8531209826469421,
				"x": 0.475,
				"y": 0.7
			},
			"10": {
				"score": 0.7319309711456299,
				"x": 0.478125,
				"y": 0.8
			},
			"11": {
				"score": 0.8055599927902222,
				"x": 0.50625,
				"y": 0.5611111111111111
			},
			"12": {
				"score": 0.945343017578125,
				"x": 0.503125,
				"y": 0.6944444444444444
			},
			"13": {
				"score": 0.7802450060844421,
				"x": 0.496875,
				"y": 0.8111111111111111
			},
			"14": {
				"score": 0.8757339715957642,
				"x": 0.48125,
				"y": 0.3611111111111111
			},
			"15": {
				"score": 0.8912420272827148,
				"x": 0.490625,
				"y": 0.3611111111111111
			},
			"16": {
				"score": 0.43190500140190125,
				"x": 0.471875,
				"y": 0.3611111111111111
			},
			"17": {
				"score": 0.67746901512146,
				"x": 0.5,
				"y": 0.36666666666666664
			}
		}
	]
}