{
	"predictions": [
		{
			"0": {
				"score": 0.8419749736785889,
				"x": 0.50625,
				"y": 0.35555555555555557
			},
			"1": {
				"score": 0.7950360178947449,
				"x": 0.50625,
				"y": 0.4222222222222222
			},
			"2": {
				"score": 0.795877993106842,
				"x": 0.48125,
				"y": 0.42777777777777776
			},
			"3": {
				"score": 0.49671199917793274,
				"x": 0.45,
				"y": 0.37777777777777777
			},
			"4": {
				"score": 0.4223890006542206,
				"x": 0.45625,
				"y": 0.3333333333333333
			},
			"5": {
				"score": 0.774740993976593,
				"x": 0.528125,
				"y": 0.4166666666666667
			},
			"6": {
				"score": 0.694337010383606,
				"x": 0.5625,
				"y": 0.38333333333333336
			},
			"7": {
				"score": 0.16554799675941467,
				"x": 0.55625,
				"y": 0.34444444444444444
			},
			"8": {
				"score": 0.6233649849891663,
				"x": 0.475,
				"y": 0.6
			},
			"9": {
				"score": 0.7651129961013794,
				"x": 0.46875,
				"y": 0.7277777777777777
			},
			"10": {
				"score": 0.7096009850502014,
				"x": 0.45,
				"y": 0.8722222222222222
			},
			"11": {
				"score": 0.6654679775238037,
				"x": 0.515625,
				"y": 0.6
			},
			"12": {
				"score": 0.7640079855918884,
				"x": 0.575,
				"y": 0.7055555555555556
			},
			"13": {
				"score": 0.7336040139198303,
				"x": 0.565625,
				"y": 0.8888888888888888
			},
			"14": {
				"score": 0.8018159866333008,
				"x": 0.496875,
				"y": 0.34444444444444444
			},
			"15": {
				"score": 0.9149550199508667,
				"x": 0.515625,
				"y": 0.34444444444444444
			},
			"16": {
				"score": 0.6815009713172913,
				"x": 0.484375,
				"y": 0.35555555555555557
			},
			"17": {
				"score": 0.324196994304657,
				"x": 0.521875,
				"y": 0.35555555555555557
			}
		}
	]
}