{
	"predictions": [
		{
			"0": {
				"score": 0.8386409878730774,
				"x": 0.475,
				"y": 0.2722222222222222
			},
			"1": {
				"score": 0.8650789856910706,
				"x": 0.465625,
				"y": 0.3611111111111111
			},
			"2": {
				"score": 0.7286080121994019,
				"x": 0.434375,
				"y": 0.35
			},
			"3": {
				"score": 0.6313880085945129,
				"x": 0.434375,
				"y": 0.42777777777777776
			},
			"4": {
				"score": 0.5054939985275269,
				"x": 0.4625,
				"y": 0.34444444444444444
			},
			"5": {
				"score": 0.6742650270462036,
				"x": 0.496875,
				"y": 0.37222222222222223
			},
			"6": {
				"score": 0.5747129917144775,
				"x": 0.5125,
				"y": 0.4666666666666667
			},
			"7": {
				"score": 0.519349992275238,
				"x": 0.521875,
				"y": 0.4
			},
			"8": {
				"score": 0.5894929766654968,
				"x": 0.45,
				"y": 0.5555555555555556
			},
			"9": {
				"score": 0.778315007686615,
				"x": 0.440625,
				"y": 0.7166666666666667
			},
			"10": {
				"score": 0.6262530088424683,
				"x": 0.425,
				"y": 0.8777777777777778
			},
			"11": {
				"score": 0.6646760106086731,
				"x": 0.490625,
				"y": 0.5611111111111111
			},
			"12": {
				"score": 0.6794090270996094,
				"x": 0.5125,
				"y": 0.7
			},
			"13": {
				"score": 0.6243699789047241,
				"x": 0.50625,
				"y": 0.8555555555555555
			},
			"14": {
				"score": 0.8823980093002319,
				"x": 0.465625,
				"y": 0.2611111111111111
			},
			"15": {
				"score": 0.7875109910964966,
				"x": 0.48125,
				"y": 0.2611111111111111
			},
			"16": {
				"score": 0.7817379832267761,
				"x": 0.453125,
				"y": 0.2777777777777778
			},
			"17": {
				"score": 0.4966390132904053,
				"x": 0.490625,
				"y": 0.2833333333333333
			}
		},
		{
			"0": {
				"score": 0.24976199865341187,
				"x": 0.7125,
				"y": 0.2833333333333333
			},
			"1": {
				"score": 0.1363849937915802,
				"x": 0.725,
				"y": 0.45555555555555555
			},
			"2": {
				"score": 0.13297399878501892,
				"x": 0.625,
				"y": 0.43333333333333335
			},
			"5": {
				"score": 0.07431759685277939,
				"x": 0.815625,
				"y": 0.45
			},
			"14": {
				"score": 0.3020159900188446,
				"x": 0.7,
				"y": 0.25
			},
			"15": {
				"score": 0.2964499890804291,
				"x": 0.73125,
				"y": 0.24444444444444444
			},
			"16": {
				"score": 0.13027100265026093,
				"x": 0.678125,
				"y": 0.2777777777777778
			},
			"17": {
				"score": 0.1480170041322708,
				"x": 0.7625,
				"y": 0.26666666666666666
			}
		}
	]
}