{
	"predictions": [
		{
			"0": {
				"score": 0.44853100180625916,
				"x": 0.50625,
				"y": 0.3277777777777778
			},
			"1": {
				"score": 0.698710024356842,
				"x": 0.521875,
				"y": 0.4
			},
			"2": {
				"score": 0.743332028388977,
				"x": 0.4875,
				"y": 0.4111111111111111
			},
			"3": {
				"score": 0.8164079785346985,
				"x": 0.465625,
				"y": 0.49444444444444446
			},
			"4": {
				"score": 0.6786720156669617,
				"x": 0.484375,
				"y": 0.5444444444444444
			},
			"5": {
				"score": 0.77503901720047,
				"x": 0.559375,
				"y": 0.38333333333333336
			},
			"6": {
				"score": 0.8504089713096619,
				"x": 0.5875,
				"y": 0.4777777777777778
			},
			"7": {
				"score": 0.9026139974594116,
				"x": 0.565625,
				"y": 0.5666666666666667
			},
			"8": {
				"score": 0.6805340051651001,
				"x": 0.503125,
				"y": 0.5833333333333334
			},
			"9": {
				"score": 0.699338972568512,
				"x": 0.471875,
				"y": 0.7388888888888889
			},
			"10": {
				"score": 0.6098870038986206,
				"x": 0.434375,
				"y": 0.8833333333333333
			},
			"11": {
				"score": 0.6407110095024109,
				"x": 0.55,
				"y": 0.5833333333333334
			},
			"12": {
				"score": 0.791458010673523,
				"x": 0.55625,
				"y": 0.7666666666666667
			},
			"13": {
				"score": 0.5216580033302307,
				"x": 0.6,
				"y": 0.8666666666666667
			},
			"14": {
				"score": 0.41784200072288513,
				"x": 0.5,
				"y": 0.32222222222222224
			},
			"15": {
				"score": 0.4527069926261902,
				"x": 0.5125,
				"y": 0.3111111111111111
			},
			"16": {
				"score": 0.3804740011692047,
				"x": 0.49375,
				"y": 0.34444444444444444
			},
			"17": {
				"score": 0.48903900384902954,
				"x": 0.525,
				"y": 0.32222222222222224
			}
		}
	]
}