{
	"predictions": [
		{
			"0": {
				"score": 0.8154100179672241,
				"x": 0.49375,
				"y": 0.2611111111111111
			},
			"1": {
				"score": 0.8343200087547302,
				"x": 0.4875,
				"y": 0.3388888888888889
			},
			"2": {
				"score": 0.7743549942970276,
				"x": 0.453125,
				"y": 0.34444444444444444
			},
			"3": {
				"score": 0.10996200144290924,
				"x": 0.4375,
				"y": 0.4222222222222222
			},
			"5": {
				"score": 0.6876919865608215,
				"x": 0.525,
				"y": 0.3277777777777778
			},
			"6": {
				"score": 0.7850030064582825,
				"x": 0.546875,
				"y": 0.43333333333333335
			},
			"7": {
				"score": 0.7206720113754272,
				"x": 0.55,
				"y": 0.5277777777777778
			},
			"8": {
				"score": 0.7069600224494934,
				"x": 0.46875,
				"y": 0.5388888888888889
			},
			"9": {
				"score": 0.7153739929199219,
				"x": 0.44375,
				"y": 0.7
			},
			"10": {
				"score": 0.6571969985961914,
				"x": 0.40625,
				"y": 0.8611111111111112
			},
			"11": {
				"score": 0.6757720112800598,
				"x": 0.515625,
				"y": 0.5444444444444444
			},
			"12": {
				"score": 0.6768040060997009,
				"x": 0.53125,
				"y": 0.7055555555555556
			},
			"13": {
				"score": 0.5135340094566345,
				"x": 0.490625,
				"y": 0.8
			},
			"14": {
				"score": 0.848363995552063,
				"x": 0.4875,
				"y": 0.25
			},
			"15": {
				"score": 0.8836690187454224,
				"x": 0.5,
				"y": 0.25555555555555554
			},
			"16": {
				"score": 0.7806339859962463,
				"x": 0.46875,
				"y": 0.2611111111111111
			},
			"17": {
				"score": 0.335317999124527,
				"x": 0.509375,
				"y": 0.2777777777777778
			}
		}
	]
}