{
	"predictions": [
		{
			"0": {
				"score": 0.965628981590271,
				"x": 0.51875,
				"y": 0.2777777777777778
			},
			"1": {
				"score": 0.8491309881210327,
				"x": 0.503125,
				"y": 0.35555555555555557
			},
			"2": {
				"score": 0.7757689952850342,
				"x": 0.475,
				"y": 0.3333333333333333
			},
			"3": {
				"score": 0.8834879994392395,
				"x": 0.440625,
				"y": 0.3277777777777778
			},
			"4": {
				"score": 0.8414030075073242,
				"x": 0.465625,
				"y": 0.26666666666666666
			},
			"5": {
				"score": 0.7580509781837463,
				"x": 0.53125,
				"y": 0.37777777777777777
			},
			"6": {
				"score": 0.8641030192375183,
				"x": 0.54375,
				"y": 0.4722222222222222
			},
			"7": {
				"score": 0.7086279988288879,
				"x": 0.553125,
				"y": 0.5555555555555556
			},
			"8": {
				"score": 0.7253180146217346,
				"x": 0.465625,
				"y": 0.5222222222222223
			},
			"9": {
				"score": 0.6201410293579102,
				"x": 0.465625,
				"y": 0.6888888888888889
			},
			"10": {
				"score": 0.40600499510765076,
				"x": 0.484375,
				"y": 0.8555555555555555
			},
			"11": {
				"score": 0.6192839741706848,
				"x": 0.509375,
				"y": 0.5333333333333333
			},
			"12": {
				"score": 0.6512449979782104,
				"x": 0.5,
				"y": 0.6888888888888889
			},
			"13": {
				"score": 0.4175809919834137,
				"x": 0.478125,
				"y": 0.8444444444444444
			},
			"14": {
				"score": 0.8208439946174622,
				"x": 0.509375,
				"y": 0.26666666666666666
			},
			"15": {
				"score": 0.8046129941940308,
				"x": 0.525,
				"y": 0.26666666666666666
			},
			"16": {
				"score": 0.7626370191574097,
				"x": 0.49375,
				"y": 0.2777777777777778
			},
			"17": {
				"score": 0.5416049957275391,
				"x": 0.534375,
				"y": 0.2833333333333333
			}
		}
	]
}