{
	"predictions": [
		{
			"0": {
				"score": 0.9372280240058899,
				"x": 0.490625,
				"y": 0.3611111111111111
			},
			"1": {
				"score": 0.7132359743118286,
				"x": 0.484375,
				"y": 0.4166666666666667
			},
			"2": {
				"score": 0.8623380064964294,
				"x": 0.45625,
				"y": 0.40555555555555556
			},
			"3": {
				"score": 0.7528600096702576,
				"x": 0.421875,
				"y": 0.4666666666666667
			},
			"4": {
				"score": 0.7469409704208374,
				"x": 0.45,
				"y": 0.5111111111111111
			},
			"5": {
				"score": 0.7803149819374084,
				"x": 0.515625,
				"y": 0.4222222222222222
			},
			"6": {
				"score": 0.24833600223064423,
				"x": 0.51875,
				"y": 0.45
			},
			"7": {
				"score": 0.2038860023021698,
				"x": 0.515625,
				"y": 0.4222222222222222
			},
			"8": {
				"score": 0.6125370264053345,
				"x": 0.475,
				"y": 0.5833333333333334
			},
			"9": {
				"score": 0.6364439725875854,
				"x": 0.48125,
				"y": 0.7222222222222222
			},
			"10": {
				"score": 0.606764018535614,
				"x": 0.478125,
				"y": 0.8666666666666667
			},
			"11": {
				"score": 0.5815730094909668,
				"x": 0.5125,
				"y": 0.5777777777777777
			},
			"12": {
				"score": 0.6494680047035217,
				"x": 0.515625,
				"y": 0.7222222222222222
			},
			"13": {
				"score": 0.6448739767074585,
				"x": 0.503125,
				"y": 0.8666666666666667
			},
			"14": {
				"score": 0.7966359853744507,
				"x": 0.484375,
				"y": 0.35
			},
			"15": {
				"score": 0.7496200203895569,
				"x": 0.496875,
				"y": 0.35
			},
			"16": {
				"score": 0.6812270283699036,
				"x": 0.471875,
				"y": 0.35555555555555557
			},
			"17": {
				"score": 0.7230340242385864,
				"x": 0.50625,
				"y": 0.3611111111111111
			}
		}
	]
}