{
	"predictions": [
		{
			"0": {
				"score": 0.8253430128097534,
				"x": 0.540625,
				"y": 0.35555555555555557
			},
			"1": {
				"score": 0.5741739869117737,
				"x": 0.509375,
				"y": 0.4
			},
			"2": {
				"score": 0.5663110017776489,
				"x": 0.5,
				"y": 0.3888888888888889
			},
			"3": {
				"score": 0.2032649964094162,
				"x": 0.490625,
				"y": 0.48333333333333334
			},
			"4": {
				"score": 0.1006309986114502,
				"x": 0.503125,
				"y": 0.5611111111111111
			},
			"5": {
				"score": 0.5298560261726379,
				"x": 0.51875,
				"y": 0.4166666666666667
			},
			"6": {
				"score": 0.15793700516223907,
				"x": 0.509375,
				"y": 0.5111111111111111
			},
			"7": {
				"score": 0.5214769840240479,
				"x": 0.51875,
				"y": 0.5833333333333334
			},
			"8": {
				"score": 0.6273180246353149,
				"x": 0.490625,
				"y": 0.5666666666666667
			},
			"9": {
				"score": 0.7453340291976929,
				"x": 0.5,
				"y": 0.7166666666666667
			},
			"10": {
				"score": 0.6935439705848694,
				"x": 0.49375,
				"y": 0.8611111111111112
			},
			"11": {
				"score": 0.48941099643707275,
				"x": 0.5,
				"y": 0.5722222222222222
			},
			"12": {
				"score": 0.588437020778656,
				"x": 0.5,
				"y": 0.7111111111111111
			},
			"13": {
				"score": 0.5940499901771545,
				"x": 0.4875,
				"y": 0.85
			},
			"14": {
				"score": 0.792048990726471,
				"x": 0.5375,
				"y": 0.3388888888888889
			},
			"15": {
				"score": 0.6905390024185181,
				"x": 0.546875,
				"y": 0.35
			},
			"16": {
				"score": 0.6886720061302185,
				"x": 0.521875,
				"y": 0.3277777777777778
			}
		}
	]
}