{
	"predictions": [
		{
			"0": {
				"score": 0.8651340007781982,
				"x": 0.45,
				"y": 0.29444444444444445
			},
			"1": {
				"score": 0.7536370158195496,
				"x": 0.44375,
				"y": 0.37222222222222223
			},
			"2": {
				"score": 0.808256983757019,
				"x": 0.41875,
				"y": 0.36666666666666664
			},
			"3": {
				"score": 0.6606460213661194,
				"x": 0.409375,
				"y": 0.46111111111111114
			},
			"4": {
				"score": 0.8365020155906677,
				"x": 0.425,
				"y": 0.5444444444444444
			},
			"5": {
				"score": 0.7006059885025024,
				"x": 0.46875,
				"y": 0.37777777777777777
			},
			"6": {
				"score": 0.2717590034008026,
				"x": 0.484375,
				"y": 0.4666666666666667
			},
			"8": {
				"score": 0.6653509736061096,
				"x": 0.440625,
				"y": 0.5444444444444444
			},
			"9": {
				"score": 0.5618209838867188,
				"x": 0.4375,
				"y": 0.6888888888888889
			},
			"10": {
				"score": 0.36254799365997314,
				"x": 0.440625,
				"y": 0.8555555555555555
			},
			"11": {
				"score": 0.68504399061203,
				"x": 0.478125,
				"y": 0.5388888888888889
			},
			"12": {
				"score": 0.5743659734725952,
				"x": 0.475,
				"y": 0.6944444444444444
			},
			"13": {
				"score": 0.38406801223754883,
				"x": 0.45,
				"y": 0.8611111111111112
			},
			"14": {
				"score": 0.8908640146255493,
				"x": 0.44375,
				"y": 0.2833333333333333
			},
			"15": {
				"score": 0.7966660261154175,
				"x": 0.459375,
				"y": 0.2833333333333333
			},
			"16": {
				"score": 0.7901859879493713,
				"x": 0.43125,
				"y": 0.3
			},
			"17": {
				"score": 0.691631019115448,
				"x": 0.46875,
				"y": 0.3055555555555556
			}
		}
	]
}