{
	"predictions": [
		{
			"0": {
				"score": 0.9789400100708008,
				"x": 0.48125,
				"y": 0.2722222222222222
			},
			"1": {
				"score": 0.8298479914665222,
				"x": 0.4875,
				"y": 0.34444444444444444
			},
			"2": {
				"score": 0.8051030039787292,
				"x": 0.45625,
				"y": 0.35555555555555557
			},
			"3": {
				"score": 0.571353018283844,
				"x": 0.459375,
				"y": 0.45555555555555555
			},
			"4": {
				"score": 0.4093030095100403,
				"x": 0.459375,
				"y": 0.5222222222222223
			},
			"5": {
				"score": 0.780826985836029,
				"x": 0.51875,
				"y": 0.3333333333333333
			},
			"6": {
				"score": 0.8286839723587036,
				"x": 0.575,
				"y": 0.3388888888888889
			},
			"7": {
				"score": 0.7267460227012634,
				"x": 0.546875,
				"y": 0.2777777777777778
			},
			"8": {
				"score": 0.613152027130127,
				"x": 0.478125,
				"y": 0.5277777777777778
			},
			"9": {
				"score": 0.6174330115318298,
				"x": 0.484375,
				"y": 0.6888888888888889
			},
			"10": {
				"score": 0.538785994052887,
				"x": 0.48125,
				"y": 0.8555555555555555
			},
			"11": {
				"score": 0.6565809845924377,
				"x": 0.515625,
				"y": 0.5166666666666667
			},
			"12": {
				"score": 0.6399009823799133,
				"x": 0.515625,
				"y": 0.6833333333333333
			},
			"13": {
				"score": 0.5545169711112976,
				"x": 0.496875,
				"y": 0.8555555555555555
			},
			"14": {
				"score": 0.8022329807281494,
				"x": 0.471875,
				"y": 0.2611111111111111
			},
			"15": {
				"score": 0.8289409875869751,
				"x": 0.4875,
				"y": 0.2611111111111111
			},
			"16": {
				"score": 0.6851170063018799,
				"x": 0.4625,
				"y": 0.2722222222222222
			},
			"17": {
				"score": 0.5634049773216248,
				"x": 0.5,
				"y": 0.2722222222222222
			}
		}
	]
}