{
	"predictions": [
		{
			"0": {
				"score": 0.8732990026473999,
				"x": 0.49375,
				"y": 0.3333333333333333
			},
			"1": {
				"score": 0.7792419791221619,
				"x": 0.48125,
				"y": 0.39444444444444443
			},
			"2": {
				"score": 0.861473023891449,
				"x": 0.453125,
				"y": 0.3888888888888889
			},
			"3": {
				"score": 0.8648899793624878,
				"x": 0.41875,
				"y": 0.4444444444444444
			},
			"4": {
				"score": 0.7963749766349792,
				"x": 0.453125,
				"y": 0.49444444444444446
			},
			"5": {
				"score": 0.7160210013389587,
				"x": 0.5125,
				"y": 0.4
			},
			"6": {
				"score": 0.6387969851493835,
				"x": 0.525,
				"y": 0.4
			},
			"7": {
				"score": 0.6249129772186279,
				"x": 0.5125,
				"y": 0.34444444444444444
			},
			"8": {
				"score": 0.5799229741096497,
				"x": 0.475,
				"y": 0.5722222222222222
			},
			"9": {
				"score": 0.6270909905433655,
				"x": 0.48125,
				"y": 0.7111111111111111
			},
			"10": {
				"score": 0.4839969873428345,
				"x": 0.475,
				"y": 0.8611111111111112
			},
			"11": {
				"score": 0.6376090049743652,
				"x": 0.5125,
				"y": 0.5666666666666667
			},
			"12": {
				"score": 0.5527359843254089,
				"x": 0.5125,
				"y": 0.7111111111111111
			},
			"13": {
				"score": 0.5320580005645752,
				"x": 0.5,
				"y": 0.8555555555555555
			},
			"14": {
				"score": 0.7986419796943665,
				"x": 0.4875,
				"y": 0.32222222222222224
			},
			"15": {
				"score": 0.767350971698761,
				"x": 0.5,
				"y": 0.3277777777777778
			},
			"16": {
				"score": 0.6941620111465454,
				"x": 0.471875,
				"y": 0.3277777777777778
			},
			"17": {
				"score": 0.370851993560791,
				"x": 0.509375,
				"y": 0.3388888888888889
			}
		}
	]
}