{
	"predictions": [
		{
			"0": {
				"score": 0.8565210103988647,
				"x": 0.46875,
				"y": 0.2611111111111111
			},
			"1": {
				"score": 0.8720530271530151,
				"x": 0.465625,
				"y": 0.35555555555555557
			},
			"2": {
				"score": 0.8504499793052673,
				"x": 0.428125,
				"y": 0.36666666666666664
			},
			"3": {
				"score": 0.9230780005455017,
				"x": 0.428125,
				"y": 0.45
			},
			"4": {
				"score": 0.7641879916191101,
				"x": 0.459375,
				"y": 0.40555555555555556
			},
			"5": {
				"score": 0.8566190004348755,
				"x": 0.503125,
				"y": 0.3388888888888889
			},
			"6": {
				"score": 0.8698559999465942,
				"x": 0.55,
				"y": 0.40555555555555556
			},
			"7": {
				"score": 0.80799400806427,
				"x": 0.540625,
				"y": 0.49444444444444446
			},
			"8": {
				"score": 0.7116140127182007,
				"x": 0.453125,
				"y": 0.5444444444444444
			},
			"9": {
				"score": 0.7273010015487671,
				"x": 0.440625,
				"y": 0.7111111111111111
			},
			"10": {
				"score": 0.6694610118865967,
				"x": 0.428125,
				"y": 0.9
			},
			"11": {
				"score": 0.6535900235176086,
				"x": 0.5,
				"y": 0.5388888888888889
			},
			"12": {
				"score": 0.671504020690918,
				"x": 0.5125,
				"y": 0.7111111111111111
			},
			"13": {
				"score": 0.6634780168533325,
				"x": 0.4875,
				"y": 0.8611111111111112
			},
			"14": {
				"score": 0.8410410284996033,
				"x": 0.459375,
				"y": 0.25
			},
			"15": {
				"score": 0.8781189918518066,
				"x": 0.475,
				"y": 0.25
			},
			"16": {
				"score": 0.8310269713401794,
				"x": 0.44375,
				"y": 0.2722222222222222
			},
			"17": {
				"score": 0.5391579866409302,
				"x": 0.484375,
				"y": 0.2722222222222222
			}
		}
	]
}