{
	"predictions": [
		{
			"0": {
				"score": 0.8862980008125305,
				"x": 0.496875,
				"y": 0.3388888888888889
			},
			"1": {
				"score": 0.7879989743232727,
				"x": 0.503125,
				"y": 0.40555555555555556
			},
			"2": {
				"score": 0.6598089933395386,
				"x": 0.484375,
				"y": 0.4166666666666667
			},
			"3": {
				"score": 0.5910879969596863,
				"x": 0.48125,
				"y": 0.4666666666666667
			},
			"4": {
				"score": 0.40588799118995667,
				"x": 0.5,
				"y": 0.4111111111111111
			},
			"5": {
				"score": 0.7009159922599792,
				"x": 0.525,
				"y": 0.39444444444444443
			},
			"6": {
				"score": 0.5684069991111755,
				"x": 0.515625,
				"y": 0.4222222222222222
			},
			"7": {
				"score": 0.2669839859008789,
				"x": 0.5125,
				"y": 0.37777777777777777
			},
			"8": {
				"score": 0.7338079810142517,
				"x": 0.49375,
				"y": 0.5611111111111111
			},
			"9": {
				"score": 0.6977400183677673,
				"x": 0.484375,
				"y": 0.7055555555555556
			},
			"10": {
				"score": 0.6608279943466187,
				"x": 0.48125,
				"y": 0.8444444444444444
			},
			"11": {
				"score": 0.5737289786338806,
				"x": 0.521875,
				"y": 0.5555555555555556
			},
			"12": {
				"score": 0.7677950263023376,
				"x": 0.51875,
				"y": 0.7166666666666667
			},
			"13": {
				"score": 0.7489230036735535,
				"x": 0.578125,
				"y": 0.7333333333333333
			},
			"14": {
				"score": 0.83024001121521,
				"x": 0.4875,
				"y": 0.3333333333333333
			},
			"15": {
				"score": 0.8200309872627258,
				"x": 0.5,
				"y": 0.3277777777777778
			},
			"16": {
				"score": 0.5867689847946167,
				"x": 0.48125,
				"y": 0.35555555555555557
			},
			"17": {
				"score": 0.6334440112113953,
				"x": 0.5125,
				"y": 0.3333333333333333
			}
		}
	]
}