{
	"predictions": [
		{
			"0": {
				"score": 0.8362560272216797,
				"x": 0.50625,
				"y": 0.3111111111111111
			},
			"1": {
				"score": 0.8219590187072754,
				"x": 0.5,
				"y": 0.3888888888888889
			},
			"2": {
				"score": 0.7234990000724792,
				"x": 0.46875,
				"y": 0.37777777777777777
			},
			"3": {
				"score": 0.6852020025253296,
				"x": 0.45,
				"y": 0.4722222222222222
			},
			"4": {
				"score": 0.4576059877872467,
				"x": 0.4625,
				"y": 0.5555555555555556
			},
			"5": {
				"score": 0.7993819713592529,
				"x": 0.53125,
				"y": 0.4
			},
			"6": {
				"score": 0.7602409720420837,
				"x": 0.540625,
				"y": 0.5055555555555555
			},
			"7": {
				"score": 0.6048830151557922,
				"x": 0.546875,
				"y": 0.5944444444444444
			},
			"8": {
				"score": 0.5730469822883606,
				"x": 0.475,
				"y": 0.5722222222222222
			},
			"9": {
				"score": 0.7755579948425293,
				"x": 0.46875,
				"y": 0.7222222222222222
			},
			"10": {
				"score": 0.6196100115776062,
				"x": 0.459375,
				"y": 0.8666666666666667
			},
			"11": {
				"score": 0.621749997138977,
				"x": 0.51875,
				"y": 0.5777777777777777
			},
			"12": {
				"score": 0.6997910141944885,
				"x": 0.521875,
				"y": 0.7333333333333333
			},
			"13": {
				"score": 0.6565020084381104,
				"x": 0.540625,
				"y": 0.8388888888888889
			},
			"14": {
				"score": 0.8526290059089661,
				"x": 0.5,
				"y": 0.29444444444444445
			},
			"15": {
				"score": 0.948298990726471,
				"x": 0.515625,
				"y": 0.3
			},
			"16": {
				"score": 0.6726710200309753,
				"x": 0.4875,
				"y": 0.3111111111111111
			},
			"17": {
				"score": 0.6522740125656128,
				"x": 0.525,
				"y": 0.3111111111111111
			}
		}
	]
}