{
	"predictions": [
		{
			"0": {
				"score": 0.8727380037307739,
				"x": 0.51875,
				"y": 0.32222222222222224
			},
			"1": {
				"score": 0.7812680006027222,
				"x": 0.521875,
				"y": 0.39444444444444443
			},
			"2": {
				"score": 0.7668690085411072,
				"x": 0.490625,
				"y": 0.3888888888888889
			},
			"3": {
				"score": 0.30596500635147095,
				"x": 0.434375,
				"y": 0.37222222222222223
			},
			"4": {
				"score": 0.3464890122413635,
				"x": 0.4625,
				"y": 0.36666666666666664
			},
			"5": {
				"score": 0.723334014415741,
				"x": 0.553125,
				"y": 0.39444444444444443
			},
			"6": {
				"score": 0.5130990147590637,
				"x": 0.603125,
				"y": 0.3611111111111111
			},
			"7": {
				"score": 0.4146350026130676,
				"x": 0.575,
				"y": 0.3388888888888889
			},
			"8": {
				"score": 0.6472499966621399,
				"x": 0.496875,
				"y": 0.5555555555555556
			},
			"9": {
				"score": 0.698648989200592,
				"x": 0.50625,
				"y": 0.7055555555555556
			},
			"10": {
				"score": 0.6485260128974915,
				"x": 0.51875,
				"y": 0.85
			},
			"11": {
				"score": 0.5848730206489563,
				"x": 0.5375,
				"y": 0.5611111111111111
			},
			"12": {
				"score": 0.6354730129241943,
				"x": 0.525,
				"y": 0.7055555555555556
			},
			"13": {
				"score": 0.4258500039577484,
				"x": 0.521875,
				"y": 0.8444444444444444
			},
			"14": {
				"score": 0.800246000289917,
				"x": 0.509375,
				"y": 0.3111111111111111
			},
			"15": {
				"score": 0.7843790054321289,
				"x": 0.525,
				"y": 0.3111111111111111
			},
			"16": {
				"score": 0.5932409763336182,
				"x": 0.5,
				"y": 0.32222222222222224
			},
			"17": {
				"score": 0.6830620169639587,
				"x": 0.534375,
				"y": 0.31666666666666665
			}
		}
	]
}