{
	"predictions": [
		{
			"0": {
				"score": 0.8964999914169312,
				"x": 0.521875,
				"y": 0.31666666666666665
			},
			"1": {
				"score": 0.7971630096435547,
				"x": 0.51875,
				"y": 0.39444444444444443
			},
			"2": {
				"score": 0.7450929880142212,
				"x": 0.496875,
				"y": 0.39444444444444443
			},
			"3": {
				"score": 0.7548720240592957,
				"x": 0.4625,
				"y": 0.48333333333333334
			},
			"4": {
				"score": 0.6875150203704834,
				"x": 0.45,
				"y": 0.4388888888888889
			},
			"5": {
				"score": 0.8189709782600403,
				"x": 0.54375,
				"y": 0.4
			},
			"6": {
				"score": 0.7825400233268738,
				"x": 0.5375,
				"y": 0.48333333333333334
			},
			"7": {
				"score": 0.7490959763526917,
				"x": 0.49375,
				"y": 0.42777777777777776
			},
			"8": {
				"score": 0.6384440064430237,
				"x": 0.5,
				"y": 0.5777777777777777
			},
			"9": {
				"score": 0.6717650294303894,
				"x": 0.475,
				"y": 0.7222222222222222
			},
			"10": {
				"score": 0.647383987903595,
				"x": 0.4875,
				"y": 0.8611111111111112
			},
			"11": {
				"score": 0.6481670141220093,
				"x": 0.5375,
				"y": 0.5777777777777777
			},
			"12": {
				"score": 0.7754489779472351,
				"x": 0.565625,
				"y": 0.7166666666666667
			},
			"13": {
				"score": 0.6104729771614075,
				"x": 0.609375,
				"y": 0.8277777777777777
			},
			"14": {
				"score": 0.7949159741401672,
				"x": 0.521875,
				"y": 0.3055555555555556
			},
			"15": {
				"score": 0.9137060046195984,
				"x": 0.53125,
				"y": 0.31666666666666665
			},
			"17": {
				"score": 0.8598560094833374,
				"x": 0.54375,
				"y": 0.3388888888888889
			}
		}
	]
}