{
	"predictions": [
		{
			"0": {
				"score": 0.8117910027503967,
				"x": 0.5125,
				"y": 0.2722222222222222
			},
			"1": {
				"score": 0.714044988155365,
				"x": 0.496875,
				"y": 0.3388888888888889
			},
			"2": {
				"score": 0.7867180109024048,
				"x": 0.484375,
				"y": 0.3388888888888889
			},
			"3": {
				"score": 0.7367929816246033,
				"x": 0.515625,
				"y": 0.4166666666666667
			},
			"4": {
				"score": 0.6596279740333557,
				"x": 0.534375,
				"y": 0.37222222222222223
			},
			"5": {
				"score": 0.5865150094032288,
				"x": 0.509375,
				"y": 0.3388888888888889
			},
			"6": {
				"score": 0.2711690068244934,
				"x": 0.528125,
				"y": 0.4222222222222222
			},
			"7": {
				"score": 0.2863380014896393,
				"x": 0.534375,
				"y": 0.38333333333333336
			},
			"8": {
				"score": 0.5617290139198303,
				"x": 0.496875,
				"y": 0.5277777777777778
			},
			"9": {
				"score": 0.662214994430542,
				"x": 0.5,
				"y": 0.7
			},
			"10": {
				"score": 0.6423860192298889,
				"x": 0.490625,
				"y": 0.8833333333333333
			},
			"11": {
				"score": 0.5408989787101746,
				"x": 0.515625,
				"y": 0.5222222222222223
			},
			"12": {
				"score": 0.6446999907493591,
				"x": 0.50625,
				"y": 0.7
			},
			"13": {
				"score": 0.47001901268959045,
				"x": 0.490625,
				"y": 0.8666666666666667
			},
			"14": {
				"score": 0.8037319779396057,
				"x": 0.50625,
				"y": 0.2611111111111111
			},
			"15": {
				"score": 0.6597930192947388,
				"x": 0.515625,
				"y": 0.2611111111111111
			},
			"16": {
				"score": 0.7018139958381653,
				"x": 0.490625,
				"y": 0.26666666666666666
			}
		}
	]
}