{
	"predictions": [
		{
			"0": {
				"score": 0.7301539778709412,
				"x": 0.528125,
				"y": 0.2833333333333333
			},
			"1": {
				"score": 0.6990659832954407,
				"x": 0.521875,
				"y": 0.35555555555555557
			},
			"2": {
				"score": 0.5560020208358765,
				"x": 0.484375,
				"y": 0.35
			},
			"3": {
				"score": 0.6257799863815308,
				"x": 0.4375,
				"y": 0.3277777777777778
			},
			"4": {
				"score": 0.44951701164245605,
				"x": 0.4875,
				"y": 0.29444444444444445
			},
			"5": {
				"score": 0.6882460117340088,
				"x": 0.55625,
				"y": 0.35555555555555557
			},
			"6": {
				"score": 0.5472419857978821,
				"x": 0.6125,
				"y": 0.3277777777777778
			},
			"7": {
				"score": 0.42296698689460754,
				"x": 0.559375,
				"y": 0.3
			},
			"8": {
				"score": 0.6397969722747803,
				"x": 0.503125,
				"y": 0.5555555555555556
			},
			"9": {
				"score": 0.7374420166015625,
				"x": 0.515625,
				"y": 0.7388888888888889
			},
			"10": {
				"score": 0.605771005153656,
				"x": 0.528125,
				"y": 0.9
			},
			"11": {
				"score": 0.5681689977645874,
				"x": 0.546875,
				"y": 0.5555555555555556
			},
			"12": {
				"score": 0.6474419832229614,
				"x": 0.534375,
				"y": 0.7277777777777777
			},
			"13": {
				"score": 0.609184980392456,
				"x": 0.525,
				"y": 0.9055555555555556
			},
			"14": {
				"score": 0.8531410098075867,
				"x": 0.51875,
				"y": 0.2722222222222222
			},
			"15": {
				"score": 0.8079479932785034,
				"x": 0.534375,
				"y": 0.2722222222222222
			},
			"16": {
				"score": 0.6595609784126282,
				"x": 0.503125,
				"y": 0.2777777777777778
			},
			"17": {
				"score": 0.39381301403045654,
				"x": 0.54375,
				"y": 0.2777777777777778
			}
		}
	]
}