{
	"predictions": [
		{
			"0": {
				"score": 0.8379909992218018,
				"x": 0.51875,
				"y": 0.4444444444444444
			},
			"1": {
				"score": 0.6845549941062927,
				"x": 0.521875,
				"y": 0.5111111111111111
			},
			"2": {
				"score": 0.6718850135803223,
				"x": 0.49375,
				"y": 0.5166666666666667
			},
			"3": {
				"score": 0.3868809938430786,
				"x": 0.478125,
				"y": 0.5777777777777777
			},
			"4": {
				"score": 0.4251120090484619,
				"x": 0.49375,
				"y": 0.6
			},
			"5": {
				"score": 0.5662519931793213,
				"x": 0.546875,
				"y": 0.5111111111111111
			},
			"6": {
				"score": 0.5845239758491516,
				"x": 0.575,
				"y": 0.5555555555555556
			},
			"7": {
				"score": 0.31093698740005493,
				"x": 0.5625,
				"y": 0.48333333333333334
			},
			"8": {
				"score": 0.6729469895362854,
				"x": 0.503125,
				"y": 0.65
			},
			"9": {
				"score": 0.7906950116157532,
				"x": 0.496875,
				"y": 0.75
			},
			"10": {
				"score": 0.7346060276031494,
				"x": 0.45625,
				"y": 0.8666666666666667
			},
			"11": {
				"score": 0.6491609811782837,
				"x": 0.540625,
				"y": 0.65
			},
			"12": {
				"score": 0.8500099778175354,
				"x": 0.540625,
				"y": 0.7666666666666667
			},
			"13": {
				"score": 0.6940529942512512,
				"x": 0.5875,
				"y": 0.8555555555555555
			},
			"14": {
				"score": 0.783909022808075,
				"x": 0.5125,
				"y": 0.43333333333333335
			},
			"15": {
				"score": 0.8539980053901672,
				"x": 0.528125,
				"y": 0.43333333333333335
			},
			"16": {
				"score": 0.5717080235481262,
				"x": 0.496875,
				"y": 0.43333333333333335
			},
			"17": {
				"score": 0.5887839794158936,
				"x": 0.540625,
				"y": 0.43333333333333335
			}
		}
	]
}