{
	"predictions": [
		{
			"0": {
				"score": 0.8734999895095825,
				"x": 0.50625,
				"y": 0.3111111111111111
			},
			"1": {
				"score": 0.8697130084037781,
				"x": 0.5,
				"y": 0.4111111111111111
			},
			"2": {
				"score": 0.7634069919586182,
				"x": 0.465625,
				"y": 0.39444444444444443
			},
			"3": {
				"score": 0.7863860130310059,
				"x": 0.45625,
				"y": 0.5
			},
			"4": {
				"score": 0.7177600264549255,
				"x": 0.45625,
				"y": 0.5777777777777777
			},
			"5": {
				"score": 0.6795290112495422,
				"x": 0.534375,
				"y": 0.4222222222222222
			},
			"6": {
				"score": 0.9235209822654724,
				"x": 0.55625,
				"y": 0.5166666666666667
			},
			"7": {
				"score": 0.8628150224685669,
				"x": 0.53125,
				"y": 0.5388888888888889
			},
			"8": {
				"score": 0.6112009882926941,
				"x": 0.475,
				"y": 0.5944444444444444
			},
			"9": {
				"score": 0.7515429854393005,
				"x": 0.44375,
				"y": 0.7222222222222222
			},
			"10": {
				"score": 0.6828129887580872,
				"x": 0.428125,
				"y": 0.8833333333333333
			},
			"11": {
				"score": 0.6206870079040527,
				"x": 0.521875,
				"y": 0.5944444444444444
			},
			"12": {
				"score": 0.7651259899139404,
				"x": 0.553125,
				"y": 0.7222222222222222
			},
			"13": {
				"score": 0.7284950017929077,
				"x": 0.590625,
				"y": 0.8277777777777777
			},
			"14": {
				"score": 0.7777609825134277,
				"x": 0.496875,
				"y": 0.3
			},
			"15": {
				"score": 0.9201840162277222,
				"x": 0.515625,
				"y": 0.3
			},
			"16": {
				"score": 0.5552759766578674,
				"x": 0.4875,
				"y": 0.31666666666666665
			},
			"17": {
				"score": 0.8743810057640076,
				"x": 0.528125,
				"y": 0.32222222222222224
			}
		}
	]
}