{
	"predictions": [
		{
			"0": {
				"score": 0.8796679973602295,
				"x": 0.49375,
				"y": 0.3277777777777778
			},
			"1": {
				"score": 0.7710779905319214,
				"x": 0.4875,
				"y": 0.4
			},
			"2": {
				"score": 0.7599830031394958,
				"x": 0.45625,
				"y": 0.4
			},
			"3": {
				"score": 0.7434380054473877,
				"x": 0.421875,
				"y": 0.4666666666666667
			},
			"4": {
				"score": 0.6067010164260864,
				"x": 0.45,
				"y": 0.5111111111111111
			},
			"5": {
				"score": 0.8219829797744751,
				"x": 0.51875,
				"y": 0.4
			},
			"6": {
				"score": 0.638329029083252,
				"x": 0.51875,
				"y": 0.4444444444444444
			},
			"7": {
				"score": 0.42884400486946106,
				"x": 0.5,
				"y": 0.39444444444444443
			},
			"8": {
				"score": 0.6286470293998718,
				"x": 0.475,
				"y": 0.5666666666666667
			},
			"9": {
				"score": 0.6727510094642639,
				"x": 0.48125,
				"y": 0.7111111111111111
			},
			"10": {
				"score": 0.5533980131149292,
				"x": 0.48125,
				"y": 0.8666666666666667
			},
			"11": {
				"score": 0.7116400003433228,
				"x": 0.5125,
				"y": 0.5611111111111111
			},
			"12": {
				"score": 0.6094120144844055,
				"x": 0.515625,
				"y": 0.7111111111111111
			},
			"13": {
				"score": 0.552702009677887,
				"x": 0.50625,
				"y": 0.8611111111111112
			},
			"14": {
				"score": 0.8365640044212341,
				"x": 0.484375,
				"y": 0.31666666666666665
			},
			"15": {
				"score": 0.8049460053443909,
				"x": 0.5,
				"y": 0.31666666666666665
			},
			"16": {
				"score": 0.6104819774627686,
				"x": 0.471875,
				"y": 0.3277777777777778
			},
			"17": {
				"score": 0.46540701389312744,
				"x": 0.509375,
				"y": 0.3277777777777778
			}
		}
	]
}