{
	"predictions": [
		{
			"0": {
				"score": 0.937732994556427,
				"x": 0.490625,
				"y": 0.36666666666666664
			},
			"1": {
				"score": 0.7502580285072327,
				"x": 0.484375,
				"y": 0.4166666666666667
			},
			"2": {
				"score": 0.861162006855011,
				"x": 0.45625,
				"y": 0.4111111111111111
			},
			"3": {
				"score": 0.7161290049552917,
				"x": 0.425,
				"y": 0.4666666666666667
			},
			"4": {
				"score": 0.5919010043144226,
				"x": 0.44375,
				"y": 0.5055555555555555
			},
			"5": {
				"score": 0.7019550204277039,
				"x": 0.5125,
				"y": 0.4222222222222222
			},
			"6": {
				"score": 0.49539801478385925,
				"x": 0.534375,
				"y": 0.42777777777777776
			},
			"7": {
				"score": 0.6399030089378357,
				"x": 0.53125,
				"y": 0.4111111111111111
			},
			"8": {
				"score": 0.6434019804000854,
				"x": 0.478125,
				"y": 0.5777777777777777
			},
			"9": {
				"score": 0.6953849792480469,
				"x": 0.484375,
				"y": 0.7111111111111111
			},
			"10": {
				"score": 0.666575014591217,
				"x": 0.48125,
				"y": 0.8555555555555555
			},
			"11": {
				"score": 0.7028509974479675,
				"x": 0.515625,
				"y": 0.5722222222222222
			},
			"12": {
				"score": 0.6825590133666992,
				"x": 0.521875,
				"y": 0.7111111111111111
			},
			"13": {
				"score": 0.7276430130004883,
				"x": 0.50625,
				"y": 0.85
			},
			"14": {
				"score": 0.7784209847450256,
				"x": 0.484375,
				"y": 0.35555555555555557
			},
			"15": {
				"score": 0.7688519954681396,
				"x": 0.496875,
				"y": 0.35555555555555557
			},
			"16": {
				"score": 0.8081139922142029,
				"x": 0.471875,
				"y": 0.3611111111111111
			},
			"17": {
				"score": 0.7433199882507324,
				"x": 0.50625,
				"y": 0.3611111111111111
			}
		}
	]
}