{
	"predictions": [
		{
			"0": {
				"score": 0.9507099986076355,
				"x": 0.53125,
				"y": 0.36666666666666664
			},
			"1": {
				"score": 0.8629990220069885,
				"x": 0.51875,
				"y": 0.43333333333333335
			},
			"2": {
				"score": 0.8952209949493408,
				"x": 0.49375,
				"y": 0.43333333333333335
			},
			"3": {
				"score": 0.8497939705848694,
				"x": 0.453125,
				"y": 0.46111111111111114
			},
			"4": {
				"score": 0.6975250244140625,
				"x": 0.4625,
				"y": 0.4
			},
			"5": {
				"score": 0.7942280173301697,
				"x": 0.54375,
				"y": 0.4388888888888889
			},
			"6": {
				"score": 0.6404169797897339,
				"x": 0.578125,
				"y": 0.4722222222222222
			},
			"7": {
				"score": 0.4990150034427643,
				"x": 0.56875,
				"y": 0.42777777777777776
			},
			"8": {
				"score": 0.7100499868392944,
				"x": 0.521875,
				"y": 0.5944444444444444
			},
			"9": {
				"score": 0.7952070236206055,
				"x": 0.503125,
				"y": 0.7166666666666667
			},
			"10": {
				"score": 0.6952599883079529,
				"x": 0.465625,
				"y": 0.85
			},
			"11": {
				"score": 0.6335819959640503,
				"x": 0.559375,
				"y": 0.5777777777777777
			},
			"12": {
				"score": 0.753449022769928,
				"x": 0.584375,
				"y": 0.7
			},
			"13": {
				"score": 0.6549630165100098,
				"x": 0.59375,
				"y": 0.8333333333333334
			},
			"14": {
				"score": 0.8184490203857422,
				"x": 0.528125,
				"y": 0.35555555555555557
			},
			"15": {
				"score": 0.9114500284194946,
				"x": 0.540625,
				"y": 0.3611111111111111
			},
			"16": {
				"score": 0.7260860204696655,
				"x": 0.515625,
				"y": 0.3611111111111111
			},
			"17": {
				"score": 0.6615620255470276,
				"x": 0.54375,
				"y": 0.38333333333333336
			}
		}
	]
}