{
	"predictions": [
		{
			"0": {
				"score": 0.7387170195579529,
				"x": 0.50625,
				"y": 0.37777777777777777
			},
			"1": {
				"score": 0.8312360048294067,
				"x": 0.503125,
				"y": 0.4166666666666667
			},
			"2": {
				"score": 0.6809300184249878,
				"x": 0.475,
				"y": 0.4111111111111111
			},
			"3": {
				"score": 0.6916459798812866,
				"x": 0.440625,
				"y": 0.3888888888888889
			},
			"4": {
				"score": 0.4637089967727661,
				"x": 0.465625,
				"y": 0.40555555555555556
			},
			"5": {
				"score": 0.7037720084190369,
				"x": 0.53125,
				"y": 0.4166666666666667
			},
			"6": {
				"score": 0.6249340176582336,
				"x": 0.571875,
				"y": 0.4166666666666667
			},
			"7": {
				"score": 0.482897013425827,
				"x": 0.54375,
				"y": 0.3888888888888889
			},
			"8": {
				"score": 0.6702359914779663,
				"x": 0.490625,
				"y": 0.5555555555555556
			},
			"9": {
				"score": 0.7470560073852539,
				"x": 0.509375,
				"y": 0.6777777777777778
			},
			"10": {
				"score": 0.5212140083312988,
				"x": 0.503125,
				"y": 0.8222222222222222
			},
			"11": {
				"score": 0.6667529940605164,
				"x": 0.528125,
				"y": 0.55
			},
			"12": {
				"score": 0.632794976234436,
				"x": 0.51875,
				"y": 0.6833333333333333
			},
			"13": {
				"score": 0.5323899984359741,
				"x": 0.50625,
				"y": 0.8111111111111111
			},
			"14": {
				"score": 0.7563340067863464,
				"x": 0.5,
				"y": 0.36666666666666664
			},
			"15": {
				"score": 0.7924200296401978,
				"x": 0.5125,
				"y": 0.36666666666666664
			},
			"16": {
				"score": 0.5545870065689087,
				"x": 0.4875,
				"y": 0.36666666666666664
			},
			"17": {
				"score": 0.4650709927082062,
				"x": 0.521875,
				"y": 0.36666666666666664
			}
		}
	]
}