{
	"predictions": [
		{
			"0": {
				"score": 0.8712739944458008,
				"x": 0.509375,
				"y": 0.22777777777777777
			},
			"1": {
				"score": 0.7925419807434082,
				"x": 0.503125,
				"y": 0.3333333333333333
			},
			"2": {
				"score": 0.5789219737052917,
				"x": 0.471875,
				"y": 0.3333333333333333
			},
			"3": {
				"score": 0.4967930018901825,
				"x": 0.478125,
				"y": 0.45555555555555555
			},
			"4": {
				"score": 0.2067050039768219,
				"x": 0.53125,
				"y": 0.49444444444444446
			},
			"5": {
				"score": 0.6377589702606201,
				"x": 0.534375,
				"y": 0.3388888888888889
			},
			"6": {
				"score": 0.20341600477695465,
				"x": 0.55,
				"y": 0.4444444444444444
			},
			"7": {
				"score": 0.18309399485588074,
				"x": 0.55625,
				"y": 0.4722222222222222
			},
			"8": {
				"score": 0.6367769837379456,
				"x": 0.490625,
				"y": 0.5611111111111111
			},
			"9": {
				"score": 0.8321729898452759,
				"x": 0.478125,
				"y": 0.7388888888888889
			},
			"10": {
				"score": 0.7035290002822876,
				"x": 0.453125,
				"y": 0.9111111111111111
			},
			"11": {
				"score": 0.6455900073051453,
				"x": 0.5375,
				"y": 0.5611111111111111
			},
			"12": {
				"score": 0.7786939740180969,
				"x": 0.54375,
				"y": 0.7444444444444445
			},
			"13": {
				"score": 0.6534140110015869,
				"x": 0.521875,
				"y": 0.9388888888888889
			},
			"14": {
				"score": 0.7723850011825562,
				"x": 0.496875,
				"y": 0.21666666666666667
			},
			"15": {
				"score": 0.9229300022125244,
				"x": 0.515625,
				"y": 0.2111111111111111
			},
			"16": {
				"score": 0.6473960280418396,
				"x": 0.484375,
				"y": 0.23333333333333334
			},
			"17": {
				"score": 0.7445080280303955,
				"x": 0.528125,
				"y": 0.22777777777777777
			}
		}
	]
}