{
	"predictions": [
		{
			"0": {
				"score": 0.6011250019073486,
				"x": 0.515625,
				"y": 0.35555555555555557
			},
			"1": {
				"score": 0.7170789837837219,
				"x": 0.5125,
				"y": 0.4222222222222222
			},
			"2": {
				"score": 0.6531140208244324,
				"x": 0.490625,
				"y": 0.4222222222222222
			},
			"3": {
				"score": 0.1706639975309372,
				"x": 0.459375,
				"y": 0.46111111111111114
			},
			"5": {
				"score": 0.684939980506897,
				"x": 0.534375,
				"y": 0.42777777777777776
			},
			"6": {
				"score": 0.4006049931049347,
				"x": 0.5375,
				"y": 0.5
			},
			"7": {
				"score": 0.08706369996070862,
				"x": 0.53125,
				"y": 0.5333333333333333
			},
			"8": {
				"score": 0.5827460289001465,
				"x": 0.490625,
				"y": 0.5777777777777777
			},
			"9": {
				"score": 0.6999809741973877,
				"x": 0.478125,
				"y": 0.7111111111111111
			},
			"10": {
				"score": 0.7650589942932129,
				"x": 0.45625,
				"y": 0.85
			},
			"11": {
				"score": 0.5264269709587097,
				"x": 0.525,
				"y": 0.5777777777777777
			},
			"12": {
				"score": 0.3828049898147583,
				"x": 0.55,
				"y": 0.7111111111111111
			},
			"14": {
				"score": 0.6125379800796509,
				"x": 0.509375,
				"y": 0.34444444444444444
			},
			"15": {
				"score": 0.6387280225753784,
				"x": 0.521875,
				"y": 0.34444444444444444
			},
			"16": {
				"score": 0.353410005569458,
				"x": 0.5,
				"y": 0.35555555555555557
			},
			"17": {
				"score": 0.4789629876613617,
				"x": 0.528125,
				"y": 0.3611111111111111
			}
		}
	]
}