{
	"predictions": [
		{
			"0": {
				"score": 0.49267399311065674,
				"x": 0.475,
				"y": 0.34444444444444444
			},
			"1": {
				"score": 0.6625239849090576,
				"x": 0.5,
				"y": 0.3888888888888889
			},
			"2": {
				"score": 0.5103849768638611,
				"x": 0.4875,
				"y": 0.3888888888888889
			},
			"3": {
				"score": 0.32707399129867554,
				"x": 0.44375,
				"y": 0.4
			},
			"4": {
				"score": 0.25217801332473755,
				"x": 0.446875,
				"y": 0.32222222222222224
			},
			"5": {
				"score": 0.6829310059547424,
				"x": 0.5125,
				"y": 0.3888888888888889
			},
			"6": {
				"score": 0.5359470248222351,
				"x": 0.44375,
				"y": 0.4
			},
			"7": {
				"score": 0.5287659764289856,
				"x": 0.44375,
				"y": 0.32222222222222224
			},
			"8": {
				"score": 0.6399199962615967,
				"x": 0.475,
				"y": 0.5611111111111111
			},
			"9": {
				"score": 0.6699920296669006,
				"x": 0.459375,
				"y": 0.7111111111111111
			},
			"10": {
				"score": 0.5477889776229858,
				"x": 0.45,
				"y": 0.8611111111111112
			},
			"11": {
				"score": 0.6381530165672302,
				"x": 0.50625,
				"y": 0.5611111111111111
			},
			"12": {
				"score": 0.7431650161743164,
				"x": 0.5375,
				"y": 0.7166666666666667
			},
			"13": {
				"score": 0.5996559858322144,
				"x": 0.575,
				"y": 0.8388888888888889
			},
			"15": {
				"score": 0.5093200206756592,
				"x": 0.48125,
				"y": 0.3277777777777778
			},
			"17": {
				"score": 0.5147709846496582,
				"x": 0.5,
				"y": 0.3333333333333333
			}
		}
	]
}