{
	"predictions": [
		{
			"0": {
				"score": 0.9017940163612366,
				"x": 0.528125,
				"y": 0.25
			},
			"1": {
				"score": 0.8082889914512634,
				"x": 0.53125,
				"y": 0.3277777777777778
			},
			"2": {
				"score": 0.7448599934577942,
				"x": 0.5,
				"y": 0.3333333333333333
			},
			"5": {
				"score": 0.6848639845848083,
				"x": 0.5625,
				"y": 0.32222222222222224
			},
			"6": {
				"score": 0.7583190202713013,
				"x": 0.58125,
				"y": 0.3055555555555556
			},
			"7": {
				"score": 0.7219280004501343,
				"x": 0.553125,
				"y": 0.2388888888888889
			},
			"8": {
				"score": 0.6963210105895996,
				"x": 0.515625,
				"y": 0.5055555555555555
			},
			"9": {
				"score": 0.773593008518219,
				"x": 0.503125,
				"y": 0.6666666666666666
			},
			"10": {
				"score": 0.6901389956474304,
				"x": 0.496875,
				"y": 0.85
			},
			"11": {
				"score": 0.5764949917793274,
				"x": 0.5625,
				"y": 0.5111111111111111
			},
			"12": {
				"score": 0.715133011341095,
				"x": 0.575,
				"y": 0.6777777777777778
			},
			"13": {
				"score": 0.6149140000343323,
				"x": 0.6,
				"y": 0.8611111111111112
			},
			"14": {
				"score": 0.8050270080566406,
				"x": 0.521875,
				"y": 0.2388888888888889
			},
			"15": {
				"score": 0.7078689932823181,
				"x": 0.5375,
				"y": 0.23333333333333334
			},
			"16": {
				"score": 0.5520529747009277,
				"x": 0.5125,
				"y": 0.24444444444444444
			},
			"17": {
				"score": 0.357589989900589,
				"x": 0.546875,
				"y": 0.25
			}
		}
	]
}