{
	"predictions": [
		{
			"0": {
				"score": 0.7662370204925537,
				"x": 0.5,
				"y": 0.35555555555555557
			},
			"1": {
				"score": 0.7754340171813965,
				"x": 0.5,
				"y": 0.4166666666666667
			},
			"2": {
				"score": 0.8209400177001953,
				"x": 0.471875,
				"y": 0.4111111111111111
			},
			"3": {
				"score": 0.2598649859428406,
				"x": 0.45625,
				"y": 0.4666666666666667
			},
			"5": {
				"score": 0.7357400059700012,
				"x": 0.528125,
				"y": 0.4166666666666667
			},
			"6": {
				"score": 0.7327150106430054,
				"x": 0.55,
				"y": 0.4888888888888889
			},
			"7": {
				"score": 0.6554809808731079,
				"x": 0.534375,
				"y": 0.42777777777777776
			},
			"8": {
				"score": 0.7161359786987305,
				"x": 0.478125,
				"y": 0.55
			},
			"9": {
				"score": 0.6856740117073059,
				"x": 0.475,
				"y": 0.6777777777777778
			},
			"10": {
				"score": 0.6248030066490173,
				"x": 0.471875,
				"y": 0.8055555555555556
			},
			"11": {
				"score": 0.7222149968147278,
				"x": 0.515625,
				"y": 0.5555555555555556
			},
			"12": {
				"score": 0.6650239825248718,
				"x": 0.509375,
				"y": 0.6833333333333333
			},
			"13": {
				"score": 0.7178739905357361,
				"x": 0.503125,
				"y": 0.8166666666666667
			},
			"14": {
				"score": 0.9402740001678467,
				"x": 0.49375,
				"y": 0.34444444444444444
			},
			"15": {
				"score": 0.9261549711227417,
				"x": 0.50625,
				"y": 0.34444444444444444
			},
			"16": {
				"score": 0.686369001865387,
				"x": 0.484375,
				"y": 0.35
			},
			"17": {
				"score": 0.799655020236969,
				"x": 0.515625,
				"y": 0.35555555555555557
			}
		}
	]
}